Employee_ID,First_Name,Last_Name,Department,Job_Title,Hire_Date,Employment_Type,Location,Gender,Base_Salary,Bonus_Amount
E00001,Isabella,White,Sales,Analyst,2018-09-08,Full-Time,"Dallas, TX",M,83600.0,9147.0
E00002,Logan,Jackson,HR,Director,2018-01-27,Full-Time,"Atlanta, GA",M,77700.0,95.0
E00003,Amelia,Lewis,HR,Analyst,2019-11-02,Full-Time,"Chicago, IL",M,71600.0,626.0
E00004,Harper,Hall,Sales,Sales Rep,2023-06-17,Full-Time,"Dallas, TX",M,93600.0,357.0
E00005,Liam,Thomas,HR,Coordinator,2020-11-24,Part-Time,"Chicago, IL",F,75600.0,3379.0
E00006,Liam,Brown,HR,Analyst,2018-02-21,Full-Time,"Denver, CO",F,109000.0,75.0
E00007,Amelia,Lewis,Operations,Coordinator,2019-05-13,Full-Time,"Austin, TX",M,64800.0,2409.0
E00008,Ethan,Thompson,Sales,Engineer,2019-10-28,Full-Time,"Phoenix, AZ",M,111600.0,4544.0
E00009,Sophia,Hall,Finance,Sales Rep,2015-04-07,Full-Time,"Phoenix, AZ",M,51400.0,388.0
E00010,Liam,Harris,HR,Coordinator,2020-12-01,Part-Time,"Phoenix, AZ",M,80500.0,465.0
E00011,Elijah,Harris,HR,Director,2022-05-10,Full-Time,"Austin, TX",M,76600.0,512.0
E00012,Logan,Hall,Operations,Director,2015-02-17,Full-Time,"Chicago, IL",M,61000.0,445.0
E00013,Isabella,Robinson,HR,Director,2015-03-15,Full-Time,"Austin, TX",F,47900.0,4155.0
E00014,Charlotte,Thomas,Customer Success,Coordinator,2019-04-18,Part-Time,"Denver, CO",M,93600.0,1238.0
E00015,Mia,Hall,Operations,Engineer,2017-07-31,Full-Time,"Atlanta, GA",M,75000.0,2238.0
E00016,Logan,Clark,Operations,Sales Rep,2021-03-22,Full-Time,"Chicago, IL",F,94100.0,79.0
E00017,Mason,Lee,Customer Success,Coordinator,2015-04-22,Full-Time,"Atlanta, GA",M,110700.0,4779.0
E00018,Mason,Hall,HR,Director,2018-09-25,Full-Time,"Phoenix, AZ",F,88500.0,40.0
E00019,Elijah,Brown,Customer Success,Engineer,2022-12-04,Full-Time,"Phoenix, AZ",M,94300.0,9948.0
E00020,Benjamin,White,Customer Success,Manager,2021-10-04,Full-Time,"Denver, CO",F,67400.0,10645.0
E00021,Mason,Hall,HR,Director,2022-04-10,Full-Time,"Phoenix, AZ",M,103600.0,100.0
E00022,Evelyn,Garcia,HR,Sales Rep,2023-12-25,Full-Time,"Dallas, TX",M,105600.0,244.0
E00023,James,Anderson,Sales,Analyst,2017-12-28,Full-Time,"Austin, TX",F,86400.0,2376.0
E00024,Charlotte,Smith,Engineering,Coordinator,2020-01-22,Full-Time,"Atlanta, GA",F,70700.0,1289.0
E00025,Noah,Harris,Engineering,HR Specialist,2016-03-27,Full-Time,"Dallas, TX",M,76100.0,3023.0
E00026,Charlotte,Lewis,Customer Success,Engineer,2020-08-12,Full-Time,"Austin, TX",M,78100.0,3183.0
E00027,Ethan,Brown,Operations,Sales Rep,2021-07-16,Full-Time,"Austin, TX",F,84400.0,83.0
E00028,Benjamin,Lee,Sales,Engineer,2015-02-09,Full-Time,"Denver, CO",F,74900.0,749.0
E00029,Noah,Thomas,Sales,Director,2018-09-08,Full-Time,"Austin, TX",F,69300.0,3355.0
E00030,Lucas,Garcia,Customer Success,Manager,2022-03-29,Full-Time,"Atlanta, GA",M,71700.0,662.0
E00031,Emma,Thomas,Finance,Coordinator,2019-05-03,Full-Time,"Chicago, IL",M,75100.0,146.0
E00032,Ethan,Taylor,Finance,Engineer,2021-12-27,Part-Time,"Dallas, TX",M,99600.0,2314.0
E00033,Liam,Walker,Engineering,Coordinator,2020-06-04,Full-Time,"Austin, TX",M,56400.0,495.0
E00034,Olivia,Brown,Sales,Manager,2023-11-23,Full-Time,"Chicago, IL",F,36300.0,6865.0
E00035,Evelyn,Robinson,HR,Manager,2018-03-05,Full-Time,"Austin, TX",F,44700.0,5284.0
E00036,Ethan,Johnson,Operations,Coordinator,2020-03-12,Full-Time,"Atlanta, GA",M,79600.0,4262.0
E00037,Harper,Thompson,Finance,Analyst,2015-04-10,Part-Time,"Dallas, TX",M,80600.0,5341.0
E00038,Mia,Harris,HR,Engineer,2021-08-25,Full-Time,"Denver, CO",F,98500.0,4835.0
E00039,James,Thomas,Operations,Director,2023-11-27,Part-Time,"Denver, CO",F,124700.0,4684.0
E00040,Lucas,Harris,Sales,HR Specialist,2018-10-14,Full-Time,"Atlanta, GA",F,71800.0,17572.0
E00041,Isabella,Lee,Finance,Sales Rep,2015-08-02,Full-Time,"Dallas, TX",M,96300.0,4184.0
E00042,Elijah,Hall,Finance,Manager,2017-05-12,Full-Time,"Austin, TX",F,63500.0,1995.0
E00043,Harper,Lewis,Engineering,Coordinator,2018-12-06,Part-Time,"Austin, TX",F,97100.0,3332.0
E00044,Ethan,Thompson,Finance,Analyst,2021-05-27,Full-Time,"Phoenix, AZ",F,80800.0,438.0
E00045,Elijah,Harris,Customer Success,Engineer,2020-07-10,Full-Time,"Denver, CO",M,51200.0,132.0
E00046,Mia,Walker,Sales,Coordinator,2016-08-11,Part-Time,"Chicago, IL",M,81600.0,988.0
E00047,Benjamin,Brown,Engineering,Director,2019-09-01,Full-Time,"Atlanta, GA",M,85500.0,1938.0
E00048,Logan,Johnson,Operations,HR Specialist,2015-04-17,Part-Time,"Chicago, IL",F,82800.0,606.0
E00049,Liam,Brown,Customer Success,Manager,2017-04-17,Full-Time,"Dallas, TX",M,69600.0,4483.0
E00050,Ava,Hall,Customer Success,Sales Rep,2022-03-09,Full-Time,"Chicago, IL",F,104600.0,7001.0
E00051,Ava,Lewis,Finance,Engineer,2017-04-23,Full-Time,"Austin, TX",F,97900.0,714.0
E00052,Amelia,Thompson,Engineering,Engineer,2018-12-13,Part-Time,"Austin, TX",F,88900.0,4125.0
E00053,Harper,Lewis,Sales,Coordinator,2017-04-06,Full-Time,"Atlanta, GA",F,61200.0,910.0
E00054,Mia,Garcia,Sales,Engineer,2018-11-19,Part-Time,"Denver, CO",F,67300.0,1280.0
E00055,Evelyn,Brown,HR,Analyst,2019-10-08,Full-Time,"Dallas, TX",F,91600.0,912.0
E00056,Benjamin,Robinson,Customer Success,Manager,2015-05-27,Full-Time,"Chicago, IL",F,109200.0,714.0
E00057,Evelyn,Jackson,Customer Success,Sales Rep,2021-12-07,Full-Time,"Phoenix, AZ",M,95800.0,982.0
E00058,Henry,White,Engineering,Sales Rep,2023-05-10,Full-Time,"Atlanta, GA",M,71500.0,1354.0
E00059,Ava,Walker,Operations,HR Specialist,2016-02-16,Full-Time,"Dallas, TX",F,78300.0,627.0
E00060,Logan,Johnson,Sales,Coordinator,2019-11-25,Part-Time,"Denver, CO",F,99900.0,5947.0
E00061,Henry,Jackson,Customer Success,Director,2021-01-15,Full-Time,"Denver, CO",F,49200.0,162.0
E00062,Amelia,Rodriguez,Sales,Analyst,2023-11-27,Full-Time,"Austin, TX",F,47100.0,3309.0
E00063,Olivia,Smith,HR,Analyst,2018-10-21,Full-Time,"Atlanta, GA",F,96200.0,1850.0
E00064,Isabella,Robinson,Customer Success,HR Specialist,2016-01-07,Part-Time,"Phoenix, AZ",F,77900.0,2351.0
E00065,Ava,Brown,Engineering,Coordinator,2023-11-01,Full-Time,"Denver, CO",F,56300.0,6864.0
E00066,Amelia,Robinson,Operations,Coordinator,2022-07-31,Full-Time,"Dallas, TX",M,71400.0,603.0
E00067,Ava,Lee,Finance,Manager,2016-01-26,Full-Time,"Phoenix, AZ",F,68100.0,908.0
E00068,Harper,Brown,HR,Analyst,2015-09-13,Part-Time,"Denver, CO",M,85200.0,1564.0
E00069,Ethan,Thomas,Sales,Analyst,2015-12-26,Full-Time,"Austin, TX",M,72700.0,790.0
E00070,Emma,Martinez,Finance,HR Specialist,2017-08-08,Full-Time,"Dallas, TX",M,83900.0,4774.0
E00071,Olivia,Thompson,Engineering,Engineer,2020-06-14,Full-Time,"Chicago, IL",M,106800.0,571.0
E00072,Logan,Anderson,HR,Engineer,2018-02-27,Full-Time,"Denver, CO",M,79000.0,2533.0
E00073,Mia,Thompson,Operations,Sales Rep,2016-07-09,Full-Time,"Phoenix, AZ",M,73000.0,158.0
E00074,Noah,Johnson,Sales,Coordinator,2023-12-03,Full-Time,"Austin, TX",M,64900.0,262.0
E00075,Lucas,Garcia,Sales,HR Specialist,2018-10-13,Full-Time,"Chicago, IL",M,65600.0,36.0
E00076,Mason,Smith,Operations,Engineer,2016-11-26,Full-Time,"Denver, CO",F,73000.0,2696.0
E00077,Isabella,Lee,Sales,Engineer,2022-01-29,Full-Time,"Phoenix, AZ",M,95600.0,2365.0
E00078,Benjamin,White,Finance,Director,2021-10-18,Full-Time,"Denver, CO",M,90900.0,2031.0
E00079,Henry,Walker,Engineering,Engineer,2020-06-27,Part-Time,"Denver, CO",F,45600.0,1068.0
E00080,Evelyn,Johnson,Sales,Analyst,2018-08-22,Part-Time,"Atlanta, GA",F,112600.0,2265.0
E00081,James,Lewis,HR,Sales Rep,2016-06-14,Full-Time,"Atlanta, GA",F,64100.0,2008.0
E00082,Logan,White,Customer Success,Manager,2019-03-18,Part-Time,"Austin, TX",M,64200.0,3161.0
E00083,Harper,Walker,Finance,Coordinator,2020-09-30,Full-Time,"Atlanta, GA",M,71700.0,1200.0
E00084,Sophia,Taylor,HR,HR Specialist,2017-07-29,Full-Time,"Denver, CO",M,116200.0,787.0
E00085,Emma,Martin,Engineering,Manager,2018-08-21,Full-Time,"Phoenix, AZ",F,87900.0,3885.0
E00086,Mason,Thompson,Engineering,Analyst,2023-07-26,Full-Time,"Phoenix, AZ",M,79700.0,3589.0
E00087,Henry,Robinson,Sales,Engineer,2020-07-04,Full-Time,"Denver, CO",M,63400.0,501.0
E00088,Logan,Robinson,Sales,Sales Rep,2020-05-23,Part-Time,"Atlanta, GA",M,78600.0,3868.0
E00089,Emma,Thompson,Customer Success,Manager,2015-12-09,Full-Time,"Phoenix, AZ",F,120600.0,3224.0
E00090,Mason,Thompson,Sales,Manager,2022-01-07,Part-Time,"Denver, CO",F,92500.0,7099.0
E00091,Olivia,Taylor,Finance,Analyst,2023-08-06,Full-Time,"Dallas, TX",F,66200.0,3712.0
E00092,James,Martin,Customer Success,Engineer,2015-05-20,Full-Time,"Denver, CO",M,68200.0,8908.0
E00093,Charlotte,Robinson,HR,Manager,2022-06-02,Full-Time,"Austin, TX",M,87100.0,4195.0
E00094,Logan,Lee,Operations,Coordinator,2021-11-26,Part-Time,"Austin, TX",F,94300.0,253.0
E00095,Ava,Lewis,Customer Success,Manager,2019-02-22,Full-Time,"Atlanta, GA",F,52100.0,5269.0
E00096,Liam,Thomas,Finance,Manager,2018-10-10,Full-Time,"Dallas, TX",F,82800.0,820.0
E00097,Charlotte,Anderson,Operations,Analyst,2015-01-04,Part-Time,"Chicago, IL",F,89500.0,3525.0
E00098,Henry,Walker,Customer Success,HR Specialist,2020-04-15,Full-Time,"Phoenix, AZ",F,100200.0,2223.0
E00099,Benjamin,Thomas,Operations,Engineer,2017-01-25,Full-Time,"Denver, CO",M,50900.0,5655.0
E00100,Evelyn,Thompson,Operations,Sales Rep,2023-05-23,Full-Time,"Chicago, IL",M,121100.0,314.0
E00101,Benjamin,Garcia,Customer Success,Analyst,2018-05-31,Full-Time,"Denver, CO",F,66900.0,3339.0
E00102,Henry,Brown,Sales,Analyst,2015-09-20,Full-Time,"Atlanta, GA",M,66200.0,1229.0
E00103,Mia,Clark,Operations,Manager,2021-05-02,Full-Time,"Chicago, IL",F,65000.0,1060.0
E00104,Ava,Taylor,Customer Success,Engineer,2018-01-16,Full-Time,"Dallas, TX",F,86800.0,610.0
E00105,Mason,Martinez,Customer Success,Coordinator,2017-11-04,Full-Time,"Atlanta, GA",M,56500.0,1356.0
E00106,Olivia,Robinson,HR,Sales Rep,2020-07-15,Part-Time,"Chicago, IL",F,109700.0,10.0
E00107,Mia,Robinson,Sales,Engineer,2021-11-20,Full-Time,"Chicago, IL",M,65800.0,4416.0
E00108,Sophia,Thomas,HR,Analyst,2023-01-16,Full-Time,"Phoenix, AZ",M,77500.0,1977.0
E00109,Mason,Thompson,Engineering,Director,2018-05-07,Full-Time,"Chicago, IL",M,52600.0,4051.0
E00110,Liam,Brown,HR,Director,2020-12-28,Full-Time,"Atlanta, GA",M,64600.0,1062.0
E00111,Liam,Harris,Operations,Analyst,2016-03-14,Full-Time,"Austin, TX",F,34700.0,3701.0
E00112,Charlotte,Clark,Engineering,Coordinator,2022-01-31,Full-Time,"Atlanta, GA",F,74400.0,3325.0
E00113,James,Jackson,Customer Success,Engineer,2022-10-25,Full-Time,"Denver, CO",M,72900.0,4941.0
E00114,Noah,Taylor,Customer Success,Analyst,2020-03-17,Full-Time,"Dallas, TX",M,39800.0,956.0
E00115,James,Garcia,Operations,Director,2017-05-17,Full-Time,"Atlanta, GA",F,71300.0,10610.0
E00116,Mason,Clark,Finance,HR Specialist,2015-04-10,Full-Time,"Denver, CO",F,85100.0,2240.0
E00117,Mia,Lee,Operations,Manager,2021-02-19,Full-Time,"Chicago, IL",F,102100.0,1144.0
E00118,Harper,White,Engineering,Engineer,2022-11-03,Full-Time,"Phoenix, AZ",F,56800.0,1850.0
E00119,Amelia,Clark,Customer Success,Analyst,2021-12-16,Full-Time,"Chicago, IL",M,38600.0,7218.0
E00120,Benjamin,Thomas,Operations,Engineer,2015-01-17,Full-Time,"Dallas, TX",F,72500.0,2777.0
E00121,Evelyn,Lewis,Customer Success,Coordinator,2019-07-28,Full-Time,"Denver, CO",M,110900.0,3104.0
E00122,Ethan,Walker,Engineering,Analyst,2021-08-05,Part-Time,"Phoenix, AZ",F,68600.0,5947.0
E00123,Liam,Smith,Customer Success,Sales Rep,2018-02-07,Full-Time,"Denver, CO",M,65600.0,381.0
E00124,Ethan,White,Finance,Manager,2018-01-15,Full-Time,"Dallas, TX",M,96700.0,1154.0
E00125,Ava,Robinson,Operations,Engineer,2015-02-16,Full-Time,"Phoenix, AZ",F,67400.0,4214.0
E00126,Ethan,Jackson,Engineering,Engineer,2015-09-29,Full-Time,"Austin, TX",F,67800.0,3933.0
E00127,Isabella,Harris,Engineering,Engineer,2021-06-02,Part-Time,"Atlanta, GA",F,61400.0,12817.0
E00128,Charlotte,Thompson,Engineering,Engineer,2019-11-28,Full-Time,"Chicago, IL",F,77300.0,1671.0
E00129,Evelyn,Brown,Customer Success,Sales Rep,2018-12-14,Full-Time,"Atlanta, GA",M,74600.0,199.0
E00130,Olivia,Clark,Engineering,Analyst,2017-09-06,Full-Time,"Dallas, TX",M,78300.0,3287.0
E00131,Benjamin,Hall,Operations,Coordinator,2017-04-16,Full-Time,"Atlanta, GA",M,77100.0,3669.0
E00132,Lucas,Anderson,Customer Success,Coordinator,2023-02-22,Full-Time,"Phoenix, AZ",F,43900.0,2937.0
E00133,Sophia,Anderson,Sales,Engineer,2019-02-19,Full-Time,"Dallas, TX",F,88000.0,2533.0
E00134,Harper,Rodriguez,HR,Coordinator,2020-10-09,Full-Time,"Phoenix, AZ",F,47200.0,977.0
E00135,Liam,Thomas,Engineering,HR Specialist,2015-11-18,Full-Time,"Dallas, TX",F,69000.0,1191.0
E00136,Elijah,Jackson,Customer Success,Engineer,2017-02-05,Full-Time,"Chicago, IL",F,100000.0,8612.0
E00137,Evelyn,Clark,Sales,HR Specialist,2020-06-19,Full-Time,"Dallas, TX",M,86900.0,3239.0
E00138,James,Lee,Operations,Coordinator,2015-11-20,Full-Time,"Atlanta, GA",M,105600.0,1584.0
E00139,Charlotte,Harris,Finance,Coordinator,2017-03-30,Full-Time,"Dallas, TX",F,65400.0,3938.0
E00140,Lucas,Robinson,Engineering,HR Specialist,2017-09-25,Full-Time,"Phoenix, AZ",M,63900.0,1942.0
E00141,Elijah,Clark,Sales,Analyst,2015-03-30,Part-Time,"Atlanta, GA",M,98500.0,2249.0
E00142,Mason,Brown,Sales,Engineer,2020-06-13,Part-Time,"Chicago, IL",F,78000.0,7231.0
E00143,Harper,Walker,Finance,Coordinator,2023-10-19,Full-Time,"Austin, TX",F,116500.0,5945.0
E00144,Evelyn,Jackson,Sales,Manager,2016-02-17,Full-Time,"Chicago, IL",M,56600.0,548.0
E00145,Mason,Thompson,Sales,Analyst,2018-10-20,Full-Time,"Dallas, TX",F,89700.0,3154.0
E00146,Emma,Johnson,HR,Sales Rep,2018-09-05,Full-Time,"Austin, TX",F,87700.0,8293.0
E00147,Harper,Smith,Operations,HR Specialist,2015-12-07,Part-Time,"Austin, TX",F,98800.0,5363.0
E00148,Noah,Thomas,Finance,Engineer,2021-12-19,Full-Time,"Chicago, IL",F,87500.0,1420.0
E00149,Noah,Brown,Engineering,HR Specialist,2021-12-03,Full-Time,"Atlanta, GA",F,89200.0,2060.0
E00150,Ava,Robinson,HR,Manager,2018-11-02,Full-Time,"Denver, CO",F,78500.0,4161.0
E00151,Amelia,Walker,Engineering,Sales Rep,2016-02-29,Full-Time,"Phoenix, AZ",M,94700.0,7664.0
E00152,Emma,Anderson,HR,Engineer,2023-01-11,Full-Time,"Denver, CO",F,65700.0,2665.0
E00153,Lucas,Thompson,Customer Success,Engineer,2022-09-11,Part-Time,"Phoenix, AZ",M,93700.0,1246.0
E00154,Liam,Taylor,Sales,Manager,2023-03-27,Part-Time,"Denver, CO",M,112700.0,1928.0
E00155,Amelia,Anderson,Finance,Coordinator,2020-10-07,Full-Time,"Austin, TX",M,61200.0,6074.0
E00156,Liam,Garcia,HR,HR Specialist,2015-03-19,Full-Time,"Chicago, IL",F,89300.0,2414.0
E00157,Sophia,Clark,Sales,Director,2020-08-18,Full-Time,"Phoenix, AZ",M,83800.0,1595.0
E00158,Ethan,Smith,HR,Engineer,2023-12-23,Full-Time,"Phoenix, AZ",M,56400.0,1779.0
E00159,Olivia,Jackson,Operations,Analyst,2016-01-26,Full-Time,"Phoenix, AZ",F,77300.0,648.0
E00160,Logan,Hall,Finance,Coordinator,2023-08-04,Full-Time,"Phoenix, AZ",F,93100.0,3431.0
E00161,Isabella,Harris,Operations,HR Specialist,2018-05-31,Full-Time,"Chicago, IL",M,90500.0,1345.0
E00162,Sophia,Hall,Engineering,Coordinator,2018-05-07,Full-Time,"Austin, TX",M,57800.0,1224.0
E00163,Olivia,Lewis,Operations,Analyst,2016-07-06,Full-Time,"Phoenix, AZ",M,80700.0,4951.0
E00164,Harper,Taylor,Sales,Coordinator,2020-06-17,Full-Time,"Austin, TX",F,84600.0,2587.0
E00165,Harper,Brown,Engineering,Sales Rep,2023-08-15,Full-Time,"Dallas, TX",M,93500.0,2377.0
E00166,Harper,Rodriguez,Engineering,Director,2016-04-05,Full-Time,"Atlanta, GA",M,76100.0,646.0
E00167,Elijah,Harris,Engineering,Coordinator,2019-02-23,Part-Time,"Atlanta, GA",M,63900.0,4542.0
E00168,Logan,Lewis,Finance,Sales Rep,2016-09-27,Full-Time,"Atlanta, GA",F,97400.0,6750.0
E00169,Isabella,Jackson,Engineering,HR Specialist,2019-03-02,Part-Time,"Phoenix, AZ",F,53600.0,1976.0
E00170,Ava,Rodriguez,Customer Success,HR Specialist,2015-05-16,Full-Time,"Chicago, IL",M,62300.0,9128.0
E00171,Isabella,Martinez,Customer Success,Analyst,2022-09-30,Part-Time,"Denver, CO",M,90400.0,2384.0
E00172,Benjamin,Lee,Customer Success,Analyst,2018-12-23,Full-Time,"Phoenix, AZ",F,81700.0,701.0
E00173,Sophia,White,Operations,Analyst,2017-02-02,Full-Time,"Denver, CO",F,78000.0,120.0
E00174,Ethan,Johnson,Customer Success,Director,2019-11-19,Part-Time,"Denver, CO",F,59000.0,3797.0
E00175,Olivia,Thompson,Customer Success,Analyst,2018-05-15,Full-Time,"Chicago, IL",M,93300.0,1580.0
E00176,James,Robinson,Engineering,Director,2021-11-24,Part-Time,"Denver, CO",M,86600.0,5967.0
E00177,Evelyn,Hall,Customer Success,Sales Rep,2016-07-29,Full-Time,"Denver, CO",F,114100.0,4161.0
E00178,Charlotte,Rodriguez,Customer Success,Director,2016-04-26,Full-Time,"Denver, CO",M,89000.0,838.0
E00179,Elijah,Thompson,Finance,Manager,2022-01-07,Full-Time,"Denver, CO",F,47300.0,1080.0
E00180,Olivia,Walker,HR,Sales Rep,2015-01-18,Full-Time,"Phoenix, AZ",F,77100.0,273.0
E00181,Sophia,Harris,Finance,Engineer,2018-01-17,Full-Time,"Dallas, TX",M,73200.0,3814.0
E00182,Liam,Harris,Finance,Sales Rep,2017-01-20,Full-Time,"Phoenix, AZ",F,71900.0,5122.0
E00183,Harper,Johnson,Operations,Sales Rep,2015-07-17,Full-Time,"Dallas, TX",M,71000.0,1966.0
E00184,Olivia,White,HR,Sales Rep,2022-04-11,Full-Time,"Chicago, IL",F,78300.0,2873.0
E00185,Lucas,Jackson,Sales,Sales Rep,2022-02-23,Full-Time,"Chicago, IL",F,60200.0,646.0
E00186,Lucas,Taylor,Engineering,HR Specialist,2018-02-28,Full-Time,"Atlanta, GA",F,43200.0,10163.0
E00187,Harper,Taylor,Customer Success,Sales Rep,2022-05-30,Part-Time,"Dallas, TX",M,83200.0,1148.0
E00188,Emma,Rodriguez,Engineering,Engineer,2020-01-13,Part-Time,"Denver, CO",M,96900.0,4020.0
E00189,James,Taylor,Operations,HR Specialist,2016-07-11,Full-Time,"Chicago, IL",F,84200.0,2424.0
E00190,Harper,Harris,Sales,Coordinator,2017-07-20,Full-Time,"Chicago, IL",F,80900.0,2595.0
E00191,Henry,Brown,HR,HR Specialist,2019-04-04,Part-Time,"Chicago, IL",F,59600.0,11303.0
E00192,Sophia,Martin,Finance,HR Specialist,2021-11-28,Full-Time,"Chicago, IL",F,92200.0,9730.0
E00193,Noah,Taylor,Engineering,Engineer,2016-11-17,Full-Time,"Dallas, TX",M,35600.0,909.0
E00194,Elijah,Harris,HR,HR Specialist,2021-12-26,Full-Time,"Phoenix, AZ",M,115700.0,3044.0
E00195,Henry,Smith,Operations,Sales Rep,2015-03-15,Full-Time,"Denver, CO",F,63900.0,581.0
E00196,Logan,Smith,Finance,Manager,2023-04-14,Part-Time,"Chicago, IL",M,89300.0,4226.0
E00197,Lucas,Harris,Operations,Engineer,2022-03-07,Full-Time,"Dallas, TX",M,65800.0,2739.0
E00198,Harper,Brown,Finance,Coordinator,2019-09-28,Full-Time,"Atlanta, GA",F,77200.0,7645.0
E00199,Isabella,Thompson,Finance,Sales Rep,2019-08-03,Full-Time,"Atlanta, GA",M,68200.0,3508.0
E00200,Mia,Walker,Engineering,Analyst,2018-12-05,Full-Time,"Denver, CO",F,34900.0,1983.0
E00201,Logan,Smith,Operations,Coordinator,2020-11-10,Part-Time,"Austin, TX",M,87600.0,1038.0
E00202,Mason,Thomas,HR,HR Specialist,2021-11-12,Full-Time,"Chicago, IL",F,53600.0,538.0
E00203,Ethan,Robinson,HR,Director,2023-01-26,Part-Time,"Atlanta, GA",F,52000.0,881.0
E00204,Emma,Lee,Engineering,Manager,2022-02-18,Full-Time,"Dallas, TX",F,65300.0,5102.0
E00205,Mia,Thompson,Sales,Analyst,2022-05-06,Full-Time,"Dallas, TX",M,69300.0,8216.0
E00206,Amelia,Hall,Finance,Director,2016-03-18,Full-Time,"Dallas, TX",M,82000.0,5681.0
E00207,Mason,Lee,Finance,Analyst,2023-12-04,Part-Time,"Dallas, TX",F,64800.0,5208.0
E00208,Harper,Hall,HR,Analyst,2016-02-12,Full-Time,"Austin, TX",F,128700.0,1135.0
E00209,Liam,Hall,HR,Analyst,2015-10-09,Full-Time,"Phoenix, AZ",F,44200.0,3062.0
E00210,Emma,Hall,Sales,Analyst,2022-10-14,Full-Time,"Denver, CO",M,68500.0,2504.0
E00211,Liam,Martin,Operations,Analyst,2016-03-17,Full-Time,"Austin, TX",F,84700.0,4687.0
E00212,Sophia,Martinez,Customer Success,Coordinator,2016-09-14,Full-Time,"Phoenix, AZ",F,96800.0,3307.0
E00213,Evelyn,Lee,Sales,Analyst,2015-09-17,Full-Time,"Chicago, IL",M,87600.0,59.0
E00214,Amelia,Harris,Operations,HR Specialist,2019-06-24,Full-Time,"Chicago, IL",F,91900.0,2856.0
E00215,Isabella,Clark,Operations,Manager,2022-07-29,Full-Time,"Atlanta, GA",F,61100.0,206.0
E00216,Olivia,Rodriguez,Engineering,Director,2018-09-27,Full-Time,"Dallas, TX",M,86900.0,3222.0
E00217,Charlotte,Taylor,Engineering,Coordinator,2023-03-23,Full-Time,"Dallas, TX",F,101100.0,1199.0
E00218,Harper,Garcia,Operations,Coordinator,2021-10-16,Full-Time,"Austin, TX",F,84800.0,4192.0
E00219,Ava,Clark,Customer Success,Director,2018-08-29,Full-Time,"Denver, CO",F,122900.0,3016.0
E00220,Henry,Thompson,Operations,Analyst,2023-04-20,Full-Time,"Austin, TX",F,73800.0,2409.0
E00221,Ethan,Smith,Operations,Analyst,2017-05-05,Full-Time,"Atlanta, GA",F,68400.0,5283.0
E00222,Logan,Clark,Sales,HR Specialist,2016-09-04,Part-Time,"Dallas, TX",M,40600.0,1983.0
E00223,Olivia,White,Engineering,HR Specialist,2023-01-27,Full-Time,"Atlanta, GA",F,66200.0,6649.0
E00224,Ethan,Martin,Sales,Coordinator,2015-11-22,Full-Time,"Austin, TX",F,85300.0,5478.0
E00225,Benjamin,Thomas,Engineering,HR Specialist,2023-09-20,Full-Time,"Dallas, TX",M,92900.0,178.0
E00226,Charlotte,Jackson,Finance,Analyst,2021-06-18,Full-Time,"Chicago, IL",F,102900.0,6758.0
E00227,Evelyn,Thomas,Customer Success,Coordinator,2022-03-05,Part-Time,"Denver, CO",M,79400.0,2908.0
E00228,Benjamin,Clark,Finance,Manager,2022-05-21,Full-Time,"Denver, CO",F,63600.0,10059.0
E00229,Olivia,Garcia,HR,HR Specialist,2018-05-03,Full-Time,"Chicago, IL",M,48600.0,3946.0
E00230,Noah,Jackson,Engineering,Manager,2017-09-24,Full-Time,"Phoenix, AZ",M,71400.0,4657.0
E00231,Charlotte,Hall,Engineering,HR Specialist,2022-06-14,Part-Time,"Austin, TX",F,54500.0,2321.0
E00232,Isabella,Clark,Operations,Engineer,2017-12-29,Full-Time,"Austin, TX",M,71000.0,10045.0
E00233,Noah,Anderson,HR,Director,2022-05-08,Full-Time,"Chicago, IL",F,47200.0,3651.0
E00234,Benjamin,Brown,Finance,Manager,2018-05-16,Full-Time,"Dallas, TX",F,67900.0,1630.0
E00235,Emma,White,Finance,Analyst,2019-04-14,Full-Time,"Phoenix, AZ",M,62400.0,214.0
E00236,Ethan,Martinez,Sales,HR Specialist,2015-11-19,Full-Time,"Denver, CO",F,95400.0,11434.0
E00237,Logan,Lee,Finance,Engineer,2023-06-10,Full-Time,"Atlanta, GA",M,51600.0,6407.0
E00238,Isabella,Lee,Sales,HR Specialist,2019-10-31,Part-Time,"Austin, TX",F,41300.0,3037.0
E00239,Ethan,Lee,Sales,Coordinator,2019-12-01,Full-Time,"Denver, CO",F,90700.0,2408.0
E00240,Mason,Walker,Sales,Sales Rep,2020-05-22,Full-Time,"Chicago, IL",F,105100.0,2820.0
E00241,Henry,Lewis,Finance,Director,2022-10-10,Full-Time,"Phoenix, AZ",F,90500.0,6242.0
E00242,Liam,White,Engineering,Engineer,2017-01-01,Full-Time,"Phoenix, AZ",M,72200.0,7732.0
E00243,Henry,Taylor,Operations,Director,2019-09-16,Full-Time,"Austin, TX",M,57800.0,1032.0
E00244,Henry,Thomas,Operations,Director,2015-10-18,Part-Time,"Dallas, TX",F,70800.0,1086.0
E00245,Sophia,Rodriguez,Sales,Engineer,2017-05-05,Part-Time,"Chicago, IL",M,67100.0,150.0
E00246,Amelia,Anderson,Engineering,Director,2020-02-21,Part-Time,"Phoenix, AZ",F,51000.0,13924.0
E00247,Benjamin,Martin,HR,Engineer,2016-10-27,Full-Time,"Austin, TX",M,75300.0,10080.0
E00248,Sophia,Martin,Finance,Sales Rep,2021-09-15,Full-Time,"Dallas, TX",M,100800.0,4629.0
E00249,Emma,Thompson,Finance,Engineer,2018-04-25,Full-Time,"Austin, TX",F,92100.0,1758.0
E00250,James,White,Operations,Coordinator,2015-07-14,Full-Time,"Dallas, TX",F,82100.0,2531.0
E00251,James,Anderson,Sales,HR Specialist,2018-08-18,Part-Time,"Phoenix, AZ",M,73900.0,4464.0
E00252,Ava,Martin,Engineering,Sales Rep,2023-06-10,Full-Time,"Chicago, IL",F,55400.0,751.0
E00253,Mia,Thompson,Engineering,Director,2018-03-06,Full-Time,"Austin, TX",F,96800.0,740.0
E00254,Sophia,Martin,Finance,HR Specialist,2017-01-27,Part-Time,"Phoenix, AZ",M,46300.0,2475.0
E00255,Charlotte,Lee,Engineering,Sales Rep,2017-09-19,Part-Time,"Atlanta, GA",M,32100.0,3397.0
E00256,Noah,Brown,Engineering,Engineer,2018-07-29,Full-Time,"Denver, CO",F,73700.0,2147.0
E00257,Noah,Johnson,Finance,Sales Rep,2015-12-22,Full-Time,"Chicago, IL",M,66500.0,1077.0
E00258,Logan,Martinez,Engineering,Coordinator,2019-07-10,Full-Time,"Atlanta, GA",F,67900.0,1478.0
E00259,Ava,Robinson,Engineering,Analyst,2022-01-11,Full-Time,"Dallas, TX",F,89500.0,2655.0
E00260,Sophia,Brown,Operations,Engineer,2016-03-30,Full-Time,"Dallas, TX",M,85800.0,184.0
E00261,James,Walker,Finance,Engineer,2020-03-06,Full-Time,"Denver, CO",F,88300.0,11270.0
E00262,Sophia,Rodriguez,Sales,HR Specialist,2018-06-03,Full-Time,"Dallas, TX",F,96800.0,10677.0
E00263,Amelia,Lee,Sales,Analyst,2023-04-15,Full-Time,"Austin, TX",F,49600.0,5555.0
E00264,Isabella,Clark,Customer Success,Director,2021-03-18,Full-Time,"Austin, TX",M,110000.0,1368.0
E00265,Ethan,Martinez,Operations,Manager,2021-10-06,Part-Time,"Atlanta, GA",F,57900.0,3305.0
E00266,Evelyn,Garcia,Finance,Engineer,2023-01-28,Full-Time,"Dallas, TX",M,81200.0,3090.0
E00267,Harper,Garcia,Operations,Engineer,2020-12-25,Full-Time,"Austin, TX",F,112500.0,1577.0
E00268,Elijah,Thomas,Customer Success,Analyst,2021-01-25,Full-Time,"Austin, TX",M,107600.0,6386.0
E00269,Isabella,Jackson,Sales,Manager,2019-02-22,Full-Time,"Austin, TX",F,103300.0,2414.0
E00270,Sophia,Thomas,Finance,Coordinator,2019-03-11,Full-Time,"Austin, TX",M,74600.0,116.0
E00271,Logan,Smith,Customer Success,Manager,2021-03-13,Full-Time,"Dallas, TX",M,45800.0,1062.0
E00272,Emma,Taylor,Finance,Coordinator,2017-01-14,Full-Time,"Austin, TX",F,53600.0,4085.0
E00273,Olivia,Lee,Operations,Engineer,2022-04-03,Full-Time,"Chicago, IL",F,68700.0,5781.0
E00274,Harper,Jackson,Finance,Director,2022-11-06,Full-Time,"Dallas, TX",F,61300.0,2841.0
E00275,Harper,Lewis,Finance,Sales Rep,2020-05-10,Full-Time,"Dallas, TX",F,60600.0,3219.0
E00276,Mia,Garcia,Engineering,Coordinator,2023-07-14,Part-Time,"Phoenix, AZ",M,70300.0,4597.0
E00277,Lucas,Garcia,Sales,Sales Rep,2016-08-27,Part-Time,"Austin, TX",M,62200.0,1651.0
E00278,Ava,Jackson,Customer Success,Coordinator,2020-07-12,Full-Time,"Phoenix, AZ",F,64700.0,447.0
E00279,Lucas,Thomas,HR,HR Specialist,2021-07-15,Full-Time,"Atlanta, GA",F,76900.0,1044.0
E00280,Logan,Jackson,Operations,Coordinator,2021-07-13,Full-Time,"Phoenix, AZ",M,55200.0,2026.0
E00281,Elijah,Taylor,Engineering,Coordinator,2023-05-06,Full-Time,"Austin, TX",F,89400.0,3710.0
E00282,Henry,Taylor,Finance,HR Specialist,2021-08-28,Full-Time,"Austin, TX",M,93900.0,1384.0
E00283,Charlotte,White,HR,Analyst,2018-02-06,Full-Time,"Dallas, TX",M,65800.0,809.0
E00284,Mia,Taylor,Customer Success,Director,2022-03-06,Full-Time,"Atlanta, GA",F,75200.0,1640.0
E00285,Logan,Lewis,Finance,Sales Rep,2020-03-11,Full-Time,"Dallas, TX",M,105400.0,4922.0
E00286,Benjamin,Harris,Customer Success,HR Specialist,2017-10-10,Full-Time,"Atlanta, GA",M,91000.0,2956.0
E00287,Isabella,Taylor,HR,Engineer,2015-09-05,Full-Time,"Atlanta, GA",F,107300.0,1943.0
E00288,Henry,Martin,Customer Success,Coordinator,2023-06-14,Part-Time,"Austin, TX",M,90400.0,952.0
E00289,James,Thomas,Operations,Manager,2022-11-18,Full-Time,"Phoenix, AZ",F,95600.0,913.0
E00290,Lucas,Thomas,Customer Success,Coordinator,2017-07-13,Full-Time,"Denver, CO",F,63700.0,833.0
E00291,Noah,Taylor,Operations,Engineer,2022-05-01,Full-Time,"Denver, CO",F,74400.0,2702.0
E00292,Olivia,Lee,Finance,Manager,2022-03-25,Full-Time,"Atlanta, GA",F,59700.0,394.0
E00293,Lucas,Clark,Customer Success,HR Specialist,2022-09-01,Full-Time,"Austin, TX",F,76700.0,4938.0
E00294,Henry,Brown,Sales,Director,2021-04-05,Part-Time,"Atlanta, GA",F,85900.0,1963.0
E00295,Olivia,Hall,Finance,Analyst,2023-10-30,Full-Time,"Dallas, TX",M,79700.0,9693.0
E00296,Olivia,Thompson,HR,Coordinator,2018-02-24,Full-Time,"Denver, CO",M,45100.0,836.0
E00297,Olivia,Taylor,Engineering,Director,2020-12-31,Full-Time,"Phoenix, AZ",M,59200.0,3391.0
E00298,Ava,White,Sales,Analyst,2021-11-17,Part-Time,"Denver, CO",F,51400.0,1420.0
E00299,Logan,Thomas,HR,Manager,2016-10-01,Full-Time,"Austin, TX",M,81200.0,11919.0
E00300,Harper,Lee,Sales,HR Specialist,2016-05-09,Part-Time,"Austin, TX",M,67100.0,2982.0
E00301,Mia,Smith,Sales,Manager,2023-05-13,Full-Time,"Dallas, TX",F,80400.0,3489.0
E00302,Logan,Anderson,Operations,Engineer,2019-11-07,Part-Time,"Dallas, TX",F,33600.0,458.0
E00303,Charlotte,Martinez,Customer Success,Coordinator,2022-08-31,Part-Time,"Chicago, IL",F,77000.0,1353.0
E00304,Isabella,Garcia,Sales,Analyst,2018-05-27,Full-Time,"Austin, TX",M,54600.0,3761.0
E00305,Olivia,Anderson,Operations,HR Specialist,2017-06-04,Full-Time,"Dallas, TX",F,89300.0,1209.0
E00306,Harper,Lee,Engineering,Engineer,2022-01-08,Full-Time,"Atlanta, GA",F,90400.0,4487.0
E00307,Logan,Smith,Sales,Coordinator,2015-05-30,Full-Time,"Austin, TX",M,86100.0,3952.0
E00308,Benjamin,Johnson,Engineering,Manager,2016-06-28,Full-Time,"Phoenix, AZ",M,93800.0,301.0
E00309,Mason,Brown,Finance,Analyst,2018-12-18,Full-Time,"Austin, TX",M,91200.0,392.0
E00310,Logan,Lewis,Sales,Director,2020-03-05,Full-Time,"Dallas, TX",F,64700.0,400.0
E00311,Sophia,Harris,Sales,HR Specialist,2020-11-24,Full-Time,"Dallas, TX",M,46100.0,99.0
E00312,Emma,Martin,HR,Engineer,2019-01-30,Full-Time,"Chicago, IL",F,89300.0,1189.0
E00313,Charlotte,Harris,Customer Success,Manager,2019-06-28,Full-Time,"Phoenix, AZ",F,81400.0,3409.0
E00314,Sophia,Hall,Finance,Director,2021-08-04,Part-Time,"Austin, TX",M,29500.0,2072.0
E00315,Evelyn,Lee,Sales,Analyst,2019-05-14,Full-Time,"Atlanta, GA",F,40700.0,434.0
E00316,Logan,Robinson,Finance,Sales Rep,2022-09-18,Full-Time,"Phoenix, AZ",F,49100.0,2416.0
E00317,Olivia,Lee,Finance,Engineer,2016-05-03,Full-Time,"Austin, TX",F,73400.0,7004.0
E00318,James,Thomas,Operations,Director,2017-07-02,Full-Time,"Austin, TX",M,47000.0,121.0
E00319,Amelia,Thomas,Customer Success,Sales Rep,2023-11-20,Full-Time,"Atlanta, GA",F,88100.0,1641.0
E00320,Isabella,Hall,Sales,Coordinator,2022-10-09,Full-Time,"Austin, TX",F,64800.0,566.0
E00321,Benjamin,Brown,HR,Analyst,2019-03-15,Full-Time,"Phoenix, AZ",F,105900.0,109.0
E00322,Henry,Rodriguez,Engineering,Analyst,2015-02-23,Full-Time,"Chicago, IL",F,83500.0,135.0
E00323,Liam,Garcia,Sales,Analyst,2020-07-02,Full-Time,"Phoenix, AZ",F,72400.0,2274.0
E00324,Charlotte,Taylor,Operations,Engineer,2015-11-27,Full-Time,"Atlanta, GA",F,83400.0,2221.0
E00325,Ethan,Robinson,Finance,Analyst,2021-12-18,Full-Time,"Austin, TX",M,56300.0,1000.0
E00326,Noah,Brown,Sales,HR Specialist,2023-01-23,Full-Time,"Dallas, TX",M,103900.0,3312.0
E00327,Elijah,White,HR,Analyst,2017-05-31,Full-Time,"Chicago, IL",F,96000.0,969.0
E00328,Elijah,Martinez,Engineering,HR Specialist,2023-08-22,Full-Time,"Dallas, TX",M,79900.0,1181.0
E00329,Emma,Hall,Operations,Sales Rep,2021-07-26,Full-Time,"Chicago, IL",M,113700.0,6.0
E00330,Harper,Walker,Customer Success,HR Specialist,2016-08-06,Full-Time,"Atlanta, GA",M,45700.0,383.0
E00331,Henry,Thomas,Sales,Manager,2023-07-09,Part-Time,"Atlanta, GA",F,91200.0,1580.0
E00332,Charlotte,Brown,Sales,Analyst,2020-02-23,Full-Time,"Atlanta, GA",M,99100.0,1879.0
E00333,Logan,Lee,Sales,Manager,2020-02-19,Full-Time,"Atlanta, GA",M,84900.0,636.0
E00334,Noah,Harris,Sales,HR Specialist,2017-06-05,Full-Time,"Denver, CO",M,71900.0,4590.0
E00335,Logan,Lee,Finance,Manager,2023-06-29,Part-Time,"Atlanta, GA",F,33800.0,2352.0
E00336,James,Harris,Sales,Manager,2023-06-19,Full-Time,"Phoenix, AZ",M,96700.0,3577.0
E00337,Sophia,Taylor,Customer Success,Engineer,2015-10-21,Full-Time,"Atlanta, GA",M,66500.0,1157.0
E00338,Elijah,Lee,Finance,Coordinator,2015-01-02,Part-Time,"Dallas, TX",F,73600.0,2549.0
E00339,Ethan,Walker,Operations,Director,2015-05-14,Full-Time,"Atlanta, GA",M,94700.0,670.0
E00340,Mason,Robinson,Operations,Engineer,2021-08-06,Part-Time,"Atlanta, GA",F,94800.0,1417.0
E00341,Amelia,Thomas,Sales,HR Specialist,2023-08-20,Full-Time,"Chicago, IL",F,51900.0,2588.0
E00342,Emma,Johnson,Finance,HR Specialist,2022-03-22,Part-Time,"Dallas, TX",F,55200.0,983.0
E00343,Isabella,Martinez,Finance,Director,2020-09-04,Full-Time,"Phoenix, AZ",M,60800.0,768.0
E00344,Benjamin,Thompson,Finance,Analyst,2016-09-01,Full-Time,"Denver, CO",F,88800.0,2148.0
E00345,Mia,Anderson,Operations,Sales Rep,2016-09-21,Part-Time,"Denver, CO",F,96600.0,2951.0
E00346,Emma,Lewis,Operations,HR Specialist,2021-11-30,Full-Time,"Dallas, TX",M,85000.0,4380.0
E00347,Amelia,Robinson,Engineering,Manager,2016-03-30,Full-Time,"Dallas, TX",F,66200.0,4460.0
E00348,Olivia,Rodriguez,Operations,Coordinator,2021-10-26,Full-Time,"Austin, TX",M,72100.0,613.0
E00349,James,Martin,Customer Success,HR Specialist,2018-12-08,Full-Time,"Dallas, TX",F,102700.0,193.0
E00350,Lucas,Martinez,Customer Success,Analyst,2022-03-26,Full-Time,"Chicago, IL",F,52500.0,2861.0
E00351,Mason,Hall,HR,Manager,2016-02-10,Full-Time,"Denver, CO",M,90600.0,8982.0
E00352,Emma,Jackson,Sales,Manager,2018-03-14,Full-Time,"Chicago, IL",M,72900.0,7785.0
E00353,Benjamin,Johnson,Sales,Manager,2021-10-23,Full-Time,"Phoenix, AZ",M,84800.0,4398.0
E00354,Sophia,Jackson,Operations,HR Specialist,2016-04-09,Full-Time,"Atlanta, GA",F,75500.0,756.0
E00355,Elijah,Martinez,Finance,Director,2023-11-05,Full-Time,"Dallas, TX",M,95600.0,781.0
E00356,Liam,White,Sales,HR Specialist,2023-06-12,Part-Time,"Dallas, TX",F,85600.0,2452.0
E00357,Ethan,Walker,Customer Success,Coordinator,2019-06-15,Full-Time,"Phoenix, AZ",F,76400.0,869.0
E00358,Noah,Anderson,Operations,Analyst,2020-11-10,Full-Time,"Austin, TX",M,120300.0,3156.0
E00359,Elijah,Jackson,Customer Success,Engineer,2018-10-10,Full-Time,"Phoenix, AZ",F,100000.0,5285.0
E00360,Elijah,Jackson,Engineering,Director,2019-03-24,Part-Time,"Phoenix, AZ",F,80400.0,1029.0
E00361,Amelia,Taylor,HR,Coordinator,2022-04-20,Full-Time,"Dallas, TX",F,90500.0,6924.0
E00362,Henry,Hall,HR,Coordinator,2021-01-22,Full-Time,"Chicago, IL",F,77300.0,1682.0
E00363,Charlotte,Hall,Engineering,Sales Rep,2015-01-15,Full-Time,"Atlanta, GA",F,61200.0,1728.0
E00364,Mia,Garcia,Operations,Analyst,2016-09-17,Full-Time,"Chicago, IL",F,40500.0,3275.0
E00365,Liam,Thomas,Sales,Sales Rep,2016-10-02,Part-Time,"Chicago, IL",F,116300.0,4939.0
E00366,Noah,Clark,Operations,Manager,2016-04-25,Full-Time,"Austin, TX",M,66200.0,3779.0
E00367,Mason,Smith,Operations,Analyst,2019-07-25,Part-Time,"Austin, TX",F,86800.0,2304.0
E00368,Elijah,Smith,Customer Success,Engineer,2017-11-27,Part-Time,"Chicago, IL",F,100300.0,5401.0
E00369,Ethan,Taylor,HR,Coordinator,2023-03-11,Full-Time,"Austin, TX",F,66200.0,8754.0
E00370,Mason,Lee,Engineering,HR Specialist,2017-12-22,Full-Time,"Atlanta, GA",M,69400.0,8012.0
E00371,Mason,Walker,HR,Manager,2016-03-21,Full-Time,"Atlanta, GA",M,85400.0,1086.0
E00372,Evelyn,Lewis,Finance,Director,2022-01-18,Full-Time,"Denver, CO",M,85600.0,1460.0
E00373,Benjamin,Jackson,HR,Sales Rep,2023-07-31,Full-Time,"Chicago, IL",M,75700.0,4443.0
E00374,Harper,Garcia,Operations,Manager,2017-06-11,Full-Time,"Austin, TX",F,53900.0,3584.0
E00375,Ethan,Harris,Engineering,Manager,2015-12-28,Full-Time,"Phoenix, AZ",M,100800.0,3560.0
E00376,Emma,Rodriguez,Customer Success,Analyst,2018-01-10,Full-Time,"Denver, CO",F,90300.0,4702.0
E00377,Olivia,Smith,Engineering,HR Specialist,2016-07-03,Part-Time,"Atlanta, GA",M,78600.0,3665.0
E00378,Isabella,Garcia,Sales,Director,2021-03-20,Part-Time,"Denver, CO",M,91100.0,969.0
E00379,Ava,Clark,Finance,Analyst,2018-11-28,Part-Time,"Phoenix, AZ",M,10100.0,2498.0
E00380,Ethan,Lee,Finance,HR Specialist,2021-10-26,Full-Time,"Denver, CO",M,76300.0,1247.0
E00381,Liam,Walker,Finance,Analyst,2023-06-06,Full-Time,"Austin, TX",M,66500.0,1067.0
E00382,Emma,Harris,Operations,HR Specialist,2020-07-03,Full-Time,"Austin, TX",F,35800.0,1117.0
E00383,Elijah,Harris,Sales,Engineer,2017-04-25,Full-Time,"Phoenix, AZ",M,85900.0,1526.0
E00384,Ava,Hall,Finance,HR Specialist,2021-04-08,Part-Time,"Atlanta, GA",F,55300.0,1649.0
E00385,Harper,Martin,Sales,Engineer,2020-06-13,Part-Time,"Phoenix, AZ",F,103300.0,1016.0
E00386,Emma,Martin,HR,Analyst,2022-02-24,Full-Time,"Dallas, TX",F,72200.0,3095.0
E00387,Evelyn,Lee,Finance,HR Specialist,2023-10-06,Full-Time,"Denver, CO",M,88300.0,4403.0
E00388,Emma,Harris,HR,Director,2018-02-02,Part-Time,"Atlanta, GA",F,63400.0,2442.0
E00389,Isabella,Walker,Sales,Engineer,2019-07-21,Part-Time,"Atlanta, GA",M,91400.0,3242.0
E00390,Benjamin,Smith,Engineering,Sales Rep,2023-10-04,Full-Time,"Atlanta, GA",M,103300.0,729.0
E00391,Ava,Thompson,Engineering,Engineer,2021-07-09,Full-Time,"Phoenix, AZ",F,43500.0,3497.0
E00392,Mia,Harris,Engineering,Engineer,2022-04-08,Full-Time,"Phoenix, AZ",M,87400.0,14679.0
E00393,Ava,Anderson,Customer Success,Coordinator,2021-01-22,Full-Time,"Denver, CO",M,42000.0,1299.0
E00394,Evelyn,Thomas,HR,Analyst,2017-05-01,Part-Time,"Atlanta, GA",F,72700.0,660.0
E00395,Elijah,Taylor,Operations,Manager,2019-11-30,Full-Time,"Chicago, IL",M,80200.0,1034.0
E00396,Olivia,Martinez,Engineering,Engineer,2020-07-11,Full-Time,"Austin, TX",M,53200.0,763.0
E00397,Benjamin,Jackson,Customer Success,HR Specialist,2019-02-26,Full-Time,"Austin, TX",F,68400.0,2555.0
E00398,Charlotte,Taylor,Operations,Coordinator,2018-06-02,Full-Time,"Austin, TX",F,104900.0,8739.0
E00399,Amelia,Anderson,Engineering,Coordinator,2019-03-31,Full-Time,"Chicago, IL",F,92900.0,170.0
E00400,Henry,Martinez,HR,Analyst,2016-05-29,Full-Time,"Denver, CO",F,95700.0,5336.0
E00401,Logan,Garcia,HR,HR Specialist,2017-05-09,Full-Time,"Austin, TX",F,107600.0,1345.0
E00402,Olivia,Lewis,Finance,Engineer,2023-04-23,Full-Time,"Denver, CO",F,68700.0,1301.0
E00403,Evelyn,White,HR,Analyst,2016-01-02,Full-Time,"Phoenix, AZ",F,95000.0,1400.0
E00404,Isabella,Lewis,HR,Manager,2016-11-03,Part-Time,"Austin, TX",M,62900.0,2812.0
E00405,Henry,Thomas,Finance,Manager,2023-03-19,Full-Time,"Denver, CO",M,100000.0,497.0
E00406,Mia,Lee,Engineering,Director,2021-08-22,Full-Time,"Denver, CO",M,52400.0,7524.0
E00407,Sophia,Anderson,HR,HR Specialist,2018-08-05,Full-Time,"Denver, CO",F,58400.0,1451.0
E00408,Evelyn,Garcia,HR,Coordinator,2017-02-10,Full-Time,"Phoenix, AZ",F,110000.0,3801.0
E00409,Isabella,Walker,Operations,Analyst,2019-10-26,Part-Time,"Phoenix, AZ",F,87200.0,11939.0
E00410,Ava,Rodriguez,Sales,Director,2018-06-11,Full-Time,"Atlanta, GA",M,81600.0,2820.0
E00411,Ava,Walker,HR,HR Specialist,2018-05-28,Part-Time,"Austin, TX",M,71400.0,5346.0
E00412,James,Thomas,Sales,Coordinator,2018-06-25,Part-Time,"Dallas, TX",M,67400.0,736.0
E00413,Benjamin,Johnson,Engineering,Manager,2020-02-15,Part-Time,"Chicago, IL",F,73500.0,343.0
E00414,Noah,Johnson,Finance,Coordinator,2017-05-30,Full-Time,"Atlanta, GA",M,73200.0,1491.0
E00415,Logan,Thompson,Engineering,Coordinator,2023-09-14,Part-Time,"Denver, CO",M,88600.0,1256.0
E00416,Sophia,Robinson,Operations,Coordinator,2019-10-22,Full-Time,"Austin, TX",M,109000.0,368.0
E00417,Ava,Taylor,HR,HR Specialist,2020-11-29,Full-Time,"Dallas, TX",F,58200.0,2097.0
E00418,Isabella,Anderson,Engineering,Director,2019-04-07,Full-Time,"Chicago, IL",M,78600.0,4350.0
E00419,Ethan,Martin,Customer Success,Sales Rep,2015-06-08,Full-Time,"Denver, CO",M,91200.0,747.0
E00420,Ethan,Lee,Finance,Engineer,2022-07-10,Full-Time,"Denver, CO",F,69500.0,1342.0
E00421,Harper,Thompson,Sales,Coordinator,2022-12-10,Full-Time,"Chicago, IL",M,91500.0,113.0
E00422,Harper,Martin,Customer Success,Manager,2022-10-18,Full-Time,"Chicago, IL",M,47500.0,1874.0
E00423,Mia,Lewis,Engineering,Sales Rep,2015-03-12,Full-Time,"Dallas, TX",M,121000.0,8735.0
E00424,Evelyn,Robinson,Operations,Manager,2019-10-27,Full-Time,"Dallas, TX",F,81800.0,541.0
E00425,Isabella,Lewis,HR,Engineer,2022-03-22,Full-Time,"Denver, CO",F,74100.0,364.0
E00426,Lucas,Thomas,HR,Coordinator,2023-12-06,Full-Time,"Austin, TX",M,60700.0,410.0
E00427,Mia,Taylor,Customer Success,Director,2015-09-06,Full-Time,"Phoenix, AZ",F,69700.0,2276.0
E00428,Henry,Rodriguez,Operations,Manager,2023-06-27,Full-Time,"Chicago, IL",F,89800.0,1361.0
E00429,Ethan,Smith,Operations,Manager,2015-01-17,Full-Time,"Denver, CO",F,122800.0,3892.0
E00430,Sophia,Thompson,Customer Success,Analyst,2019-02-07,Full-Time,"Phoenix, AZ",M,49000.0,5319.0
E00431,Benjamin,Hall,Sales,Coordinator,2023-01-24,Full-Time,"Denver, CO",F,73000.0,198.0
E00432,Amelia,Robinson,Customer Success,Director,2018-03-05,Part-Time,"Phoenix, AZ",F,52600.0,11064.0
E00433,Elijah,Taylor,HR,Sales Rep,2021-05-30,Full-Time,"Phoenix, AZ",M,50800.0,2365.0
E00434,Harper,Thompson,Sales,Coordinator,2017-05-30,Full-Time,"Chicago, IL",F,76800.0,3632.0
E00435,Olivia,Lewis,Sales,HR Specialist,2015-07-11,Full-Time,"Chicago, IL",F,65000.0,6818.0
E00436,Amelia,Anderson,Customer Success,Manager,2023-01-15,Full-Time,"Chicago, IL",F,81700.0,1001.0
E00437,Logan,Garcia,Engineering,Director,2020-11-07,Full-Time,"Austin, TX",M,88900.0,1835.0
E00438,Evelyn,Harris,Finance,Engineer,2018-05-20,Full-Time,"Atlanta, GA",F,50000.0,7473.0
E00439,Emma,Martin,Finance,Coordinator,2017-04-17,Full-Time,"Phoenix, AZ",M,64400.0,1166.0
E00440,Emma,Robinson,Engineering,Manager,2015-04-24,Part-Time,"Dallas, TX",F,69500.0,9356.0
E00441,Amelia,Rodriguez,Sales,Engineer,2021-09-12,Part-Time,"Chicago, IL",F,31600.0,3060.0
E00442,Logan,White,Engineering,Sales Rep,2015-03-31,Full-Time,"Phoenix, AZ",F,69800.0,3150.0
E00443,James,Harris,Finance,HR Specialist,2022-10-15,Part-Time,"Austin, TX",F,49500.0,286.0
E00444,Elijah,Martin,Engineering,Manager,2022-03-10,Full-Time,"Dallas, TX",M,70600.0,1452.0
E00445,Olivia,Anderson,HR,HR Specialist,2018-07-25,Part-Time,"Phoenix, AZ",M,74100.0,851.0
E00446,Amelia,Lewis,Engineering,HR Specialist,2020-08-05,Part-Time,"Chicago, IL",F,37500.0,2000.0
E00447,Logan,Anderson,Sales,Engineer,2016-06-24,Full-Time,"Atlanta, GA",F,52700.0,4339.0
E00448,Mason,Martin,Sales,Manager,2023-06-08,Part-Time,"Phoenix, AZ",F,82900.0,3932.0
E00449,Harper,Martinez,Sales,Analyst,2017-03-19,Full-Time,"Phoenix, AZ",M,92800.0,3683.0
E00450,Sophia,Smith,Customer Success,Manager,2023-06-20,Part-Time,"Dallas, TX",F,112900.0,881.0
E00451,Olivia,Anderson,Customer Success,Analyst,2021-10-22,Full-Time,"Atlanta, GA",F,82000.0,3615.0
E00452,Mason,Thomas,Sales,Analyst,2019-11-20,Full-Time,"Atlanta, GA",M,61900.0,1947.0
E00453,James,Garcia,Operations,Sales Rep,2016-08-30,Full-Time,"Phoenix, AZ",M,56600.0,2014.0
E00454,Mason,Brown,HR,Sales Rep,2022-08-27,Full-Time,"Austin, TX",F,49500.0,2916.0
E00455,Noah,Lewis,Customer Success,Analyst,2022-02-12,Full-Time,"Atlanta, GA",F,95500.0,452.0
E00456,Amelia,Johnson,Engineering,Director,2015-10-09,Full-Time,"Dallas, TX",F,47800.0,8037.0
E00457,Emma,Hall,Engineering,Manager,2016-11-18,Full-Time,"Phoenix, AZ",F,59500.0,2910.0
E00458,Liam,Johnson,HR,Coordinator,2020-12-13,Full-Time,"Atlanta, GA",M,72400.0,1329.0
E00459,Noah,Lee,Engineering,Sales Rep,2022-07-27,Full-Time,"Atlanta, GA",F,100500.0,2590.0
E00460,Emma,Martin,Finance,Coordinator,2020-04-06,Full-Time,"Chicago, IL",F,87200.0,3388.0
E00461,Amelia,Garcia,Engineering,Sales Rep,2022-02-05,Part-Time,"Austin, TX",F,72300.0,5958.0
E00462,Emma,Johnson,Finance,Sales Rep,2020-03-03,Full-Time,"Denver, CO",M,87700.0,2160.0
E00463,Isabella,Anderson,HR,Coordinator,2018-08-14,Part-Time,"Dallas, TX",F,113500.0,3486.0
E00464,Isabella,Robinson,Operations,Director,2018-06-11,Full-Time,"Austin, TX",F,68300.0,1107.0
E00465,Liam,Thompson,Finance,Engineer,2018-01-05,Full-Time,"Dallas, TX",F,97900.0,1469.0
E00466,Henry,Walker,Engineering,Coordinator,2020-06-12,Full-Time,"Chicago, IL",M,87300.0,241.0
E00467,Mia,Martinez,Engineering,Analyst,2022-12-27,Full-Time,"Austin, TX",M,99900.0,3173.0
E00468,Lucas,Lewis,Finance,Manager,2022-07-14,Full-Time,"Chicago, IL",F,77900.0,3207.0
E00469,Lucas,Robinson,Engineering,Director,2018-05-06,Full-Time,"Denver, CO",F,61200.0,192.0
E00470,Liam,Walker,Operations,Sales Rep,2019-01-14,Full-Time,"Austin, TX",M,54100.0,1531.0
E00471,Harper,Rodriguez,Operations,Coordinator,2022-08-10,Full-Time,"Phoenix, AZ",F,71100.0,304.0
E00472,Mia,Lewis,HR,Coordinator,2015-08-20,Full-Time,"Austin, TX",F,54800.0,2490.0
E00473,Amelia,Robinson,Sales,Engineer,2018-11-26,Full-Time,"Chicago, IL",F,46300.0,1294.0
E00474,Ethan,Hall,Operations,Coordinator,2017-07-04,Part-Time,"Dallas, TX",F,121900.0,4421.0
E00475,Sophia,Robinson,Finance,Manager,2016-10-31,Full-Time,"Phoenix, AZ",M,56400.0,1624.0
E00476,Charlotte,Hall,Engineering,Manager,2023-12-18,Full-Time,"Chicago, IL",M,65300.0,15480.0
E00477,Emma,Anderson,Sales,Director,2023-11-26,Full-Time,"Dallas, TX",M,77600.0,3710.0
E00478,Mason,Thomas,Finance,Manager,2022-10-09,Full-Time,"Chicago, IL",M,111100.0,897.0
E00479,Emma,Garcia,Sales,Manager,2018-08-19,Full-Time,"Denver, CO",F,88300.0,383.0
E00480,Charlotte,Clark,Sales,Manager,2023-07-19,Part-Time,"Atlanta, GA",F,102900.0,3878.0
E00481,Elijah,Thompson,Sales,Coordinator,2018-11-02,Full-Time,"Chicago, IL",M,78400.0,1196.0
E00482,Mia,Jackson,Operations,Sales Rep,2022-01-01,Full-Time,"Phoenix, AZ",F,75600.0,229.0
E00483,Mia,Thomas,Engineering,Engineer,2019-03-01,Full-Time,"Austin, TX",F,79300.0,2584.0
E00484,Liam,Brown,Sales,Coordinator,2021-09-16,Part-Time,"Chicago, IL",F,99600.0,326.0
E00485,Benjamin,Clark,Sales,Manager,2021-10-03,Full-Time,"Atlanta, GA",F,57200.0,860.0
E00486,Noah,Lee,HR,Manager,2017-07-11,Full-Time,"Atlanta, GA",F,63200.0,1900.0
E00487,Olivia,Garcia,Engineering,Analyst,2017-01-15,Full-Time,"Phoenix, AZ",M,93600.0,4490.0
E00488,Emma,Lewis,Operations,HR Specialist,2021-07-23,Full-Time,"Denver, CO",M,103000.0,1632.0
E00489,Emma,Taylor,Engineering,Manager,2019-07-09,Full-Time,"Dallas, TX",F,45900.0,1078.0
E00490,Lucas,Lee,Customer Success,Engineer,2023-08-10,Full-Time,"Chicago, IL",M,65300.0,627.0
E00491,Ethan,Clark,Operations,Analyst,2015-04-16,Part-Time,"Dallas, TX",F,85000.0,1414.0
E00492,Olivia,Robinson,Customer Success,Manager,2016-05-10,Full-Time,"Denver, CO",M,87100.0,115.0
E00493,Ethan,Brown,Sales,HR Specialist,2019-05-27,Full-Time,"Phoenix, AZ",M,98800.0,1379.0
E00494,Amelia,Clark,Engineering,Director,2020-03-29,Full-Time,"Dallas, TX",M,104000.0,939.0
E00495,Charlotte,Anderson,Operations,HR Specialist,2016-10-22,Full-Time,"Atlanta, GA",F,66700.0,363.0
E00496,Emma,Thomas,Engineering,HR Specialist,2019-02-26,Full-Time,"Chicago, IL",M,97200.0,546.0
E00497,Olivia,Jackson,Finance,Analyst,2022-05-24,Full-Time,"Phoenix, AZ",M,57600.0,7973.0
E00498,Ethan,White,Engineering,Coordinator,2017-03-05,Part-Time,"Chicago, IL",M,96200.0,1371.0
E00499,Elijah,Thompson,HR,Director,2015-10-23,Full-Time,"Chicago, IL",M,71500.0,3627.0
E00500,Liam,Lewis,HR,Analyst,2016-12-20,Part-Time,"Chicago, IL",F,84000.0,7432.0
E00501,Mason,Thompson,Operations,Coordinator,2015-10-23,Part-Time,"Austin, TX",M,90700.0,395.0
E00502,Amelia,Lewis,HR,Director,2020-12-14,Full-Time,"Phoenix, AZ",F,92700.0,2724.0
E00503,Olivia,Anderson,Operations,Engineer,2015-09-22,Full-Time,"Chicago, IL",F,82600.0,7118.0
E00504,James,Martin,Sales,Analyst,2020-08-08,Full-Time,"Atlanta, GA",F,81600.0,8917.0
E00505,Noah,Lee,Operations,Coordinator,2022-07-31,Full-Time,"Austin, TX",M,49900.0,1677.0
E00506,Noah,Hall,Engineering,Engineer,2018-07-06,Full-Time,"Chicago, IL",F,84100.0,1546.0
E00507,James,Lewis,Customer Success,HR Specialist,2022-11-11,Full-Time,"Dallas, TX",M,62100.0,10357.0
E00508,Mia,Martin,Engineering,Sales Rep,2015-06-30,Full-Time,"Denver, CO",M,65200.0,3953.0
E00509,Harper,Garcia,Finance,HR Specialist,2022-09-20,Full-Time,"Dallas, TX",M,83200.0,6052.0
E00510,Evelyn,Garcia,Sales,Analyst,2023-11-26,Full-Time,"Austin, TX",M,106800.0,4464.0
E00511,Elijah,Johnson,HR,Coordinator,2022-11-20,Full-Time,"Chicago, IL",F,94800.0,3314.0
E00512,Lucas,Jackson,Customer Success,Manager,2018-05-14,Full-Time,"Dallas, TX",M,73600.0,1539.0
E00513,Noah,Harris,HR,Analyst,2015-07-19,Full-Time,"Atlanta, GA",M,71200.0,1538.0
E00514,Amelia,Harris,Sales,Engineer,2020-09-08,Full-Time,"Atlanta, GA",M,60700.0,3490.0
E00515,Mason,Clark,Engineering,Sales Rep,2020-09-03,Part-Time,"Atlanta, GA",M,76100.0,5336.0
E00516,Charlotte,Lee,Operations,Director,2020-09-17,Full-Time,"Atlanta, GA",F,28600.0,210.0
E00517,Harper,Harris,Customer Success,Analyst,2021-07-06,Full-Time,"Atlanta, GA",F,72500.0,6172.0
E00518,Mia,Thompson,Finance,Coordinator,2023-10-30,Full-Time,"Dallas, TX",M,62100.0,2277.0
E00519,Noah,Clark,Engineering,Analyst,2015-02-02,Full-Time,"Atlanta, GA",M,71600.0,2347.0
E00520,Logan,Garcia,Engineering,Director,2016-05-23,Part-Time,"Atlanta, GA",F,44800.0,4541.0
E00521,Noah,Thompson,Operations,Director,2023-09-23,Full-Time,"Atlanta, GA",M,66700.0,5381.0
E00522,Henry,Jackson,Sales,Manager,2016-03-10,Full-Time,"Austin, TX",M,104900.0,761.0
E00523,James,Martin,Operations,HR Specialist,2019-07-06,Full-Time,"Chicago, IL",F,78800.0,4813.0
E00524,Liam,Thomas,Engineering,Engineer,2021-02-05,Full-Time,"Dallas, TX",M,52600.0,116.0
E00525,Lucas,Taylor,Engineering,Engineer,2021-10-19,Full-Time,"Austin, TX",M,65900.0,3753.0
E00526,Ethan,Thompson,Engineering,Engineer,2022-07-24,Full-Time,"Dallas, TX",F,77600.0,2486.0
E00527,Elijah,Thomas,Operations,HR Specialist,2023-03-19,Full-Time,"Dallas, TX",F,29300.0,3824.0
E00528,Mia,Lewis,Engineering,Coordinator,2019-07-08,Full-Time,"Phoenix, AZ",F,122200.0,5495.0
E00529,Olivia,Harris,Engineering,Analyst,2023-05-31,Full-Time,"Phoenix, AZ",F,80200.0,9967.0
E00530,Henry,Smith,Finance,Sales Rep,2015-08-14,Full-Time,"Austin, TX",M,80100.0,1897.0
E00531,Amelia,Thompson,Customer Success,Sales Rep,2017-11-20,Full-Time,"Chicago, IL",M,90600.0,2194.0
E00532,Charlotte,Anderson,Customer Success,Coordinator,2023-06-23,Full-Time,"Chicago, IL",F,86200.0,1282.0
E00533,Olivia,Walker,Customer Success,Coordinator,2022-01-22,Full-Time,"Denver, CO",F,103800.0,986.0
E00534,Elijah,Anderson,Finance,Director,2023-07-30,Full-Time,"Denver, CO",F,109000.0,2665.0
E00535,Ava,Lee,Engineering,Coordinator,2020-11-29,Full-Time,"Atlanta, GA",M,58700.0,1355.0
E00536,Logan,Clark,Finance,Coordinator,2016-03-19,Part-Time,"Chicago, IL",M,36200.0,1654.0
E00537,Harper,Brown,Finance,Director,2016-09-27,Full-Time,"Atlanta, GA",M,41100.0,331.0
E00538,Ava,Martinez,Sales,Manager,2017-07-09,Full-Time,"Dallas, TX",M,119000.0,335.0
E00539,Harper,Johnson,Sales,Director,2018-02-14,Part-Time,"Atlanta, GA",F,53500.0,7341.0
E00540,Noah,Rodriguez,HR,Engineer,2021-01-10,Part-Time,"Chicago, IL",F,105100.0,595.0
E00541,James,Rodriguez,Sales,Analyst,2015-05-07,Full-Time,"Dallas, TX",F,53700.0,5307.0
E00542,Ava,Clark,Operations,Manager,2022-01-10,Full-Time,"Austin, TX",F,100900.0,3765.0
E00543,Noah,Brown,Customer Success,Coordinator,2020-07-16,Full-Time,"Denver, CO",M,100700.0,1730.0
E00544,Charlotte,Robinson,Finance,Director,2021-06-17,Full-Time,"Dallas, TX",M,79700.0,713.0
E00545,Mason,Johnson,HR,HR Specialist,2017-10-04,Full-Time,"Austin, TX",M,62300.0,157.0
E00546,Emma,Harris,Finance,HR Specialist,2023-08-10,Part-Time,"Phoenix, AZ",M,98000.0,6157.0
E00547,Ethan,Garcia,HR,Director,2019-03-05,Full-Time,"Atlanta, GA",M,64000.0,3363.0
E00548,Evelyn,Lewis,Engineering,Manager,2015-04-04,Full-Time,"Austin, TX",M,106200.0,610.0
E00549,Isabella,White,Sales,Manager,2019-03-27,Full-Time,"Atlanta, GA",F,63300.0,203.0
E00550,Liam,Thompson,HR,Director,2021-04-15,Full-Time,"Atlanta, GA",F,102700.0,7569.0
E00551,Olivia,White,Finance,HR Specialist,2016-02-05,Full-Time,"Dallas, TX",F,61200.0,987.0
E00552,Olivia,Smith,HR,Director,2016-08-06,Full-Time,"Denver, CO",M,60200.0,909.0
E00553,Ethan,Walker,Finance,Sales Rep,2021-01-31,Full-Time,"Chicago, IL",F,89100.0,2917.0
E00554,Charlotte,Taylor,Operations,Sales Rep,2015-07-11,Part-Time,"Atlanta, GA",M,75400.0,2213.0
E00555,Mia,Hall,Operations,Engineer,2016-02-18,Part-Time,"Atlanta, GA",M,87800.0,898.0
E00556,Emma,Clark,Customer Success,Sales Rep,2018-06-12,Full-Time,"Atlanta, GA",M,130800.0,706.0
E00557,Mia,Martinez,Finance,HR Specialist,2019-04-01,Part-Time,"Phoenix, AZ",M,56600.0,6877.0
E00558,Harper,Lee,Operations,Engineer,2020-12-06,Full-Time,"Atlanta, GA",M,68000.0,1048.0
E00559,Lucas,Anderson,HR,Manager,2021-07-16,Full-Time,"Atlanta, GA",M,77700.0,221.0
E00560,Amelia,Garcia,Customer Success,Engineer,2023-07-19,Full-Time,"Dallas, TX",F,54000.0,2940.0
E00561,Harper,Rodriguez,HR,Engineer,2016-06-29,Full-Time,"Atlanta, GA",F,41900.0,5939.0
E00562,Ethan,Lee,Customer Success,Sales Rep,2017-02-04,Full-Time,"Chicago, IL",F,56600.0,134.0
E00563,Liam,Smith,Customer Success,Coordinator,2018-08-07,Full-Time,"Austin, TX",F,89800.0,528.0
E00564,Sophia,Hall,Operations,HR Specialist,2023-08-02,Part-Time,"Atlanta, GA",F,60800.0,744.0
E00565,Charlotte,Robinson,Sales,Director,2015-09-26,Full-Time,"Chicago, IL",M,61000.0,3549.0
E00566,Mason,Smith,Sales,Analyst,2017-05-24,Full-Time,"Denver, CO",F,84700.0,1014.0
E00567,Mia,Hall,HR,Manager,2016-06-22,Full-Time,"Phoenix, AZ",F,54800.0,6053.0
E00568,Emma,Taylor,Customer Success,HR Specialist,2016-03-31,Full-Time,"Phoenix, AZ",F,93400.0,807.0
E00569,Mia,Lee,Finance,Director,2017-07-25,Full-Time,"Chicago, IL",M,113600.0,2580.0
E00570,Amelia,Jackson,Sales,Engineer,2017-07-13,Full-Time,"Denver, CO",F,80700.0,166.0
E00571,Mason,Rodriguez,HR,Sales Rep,2021-04-20,Full-Time,"Austin, TX",M,83900.0,4586.0
E00572,Benjamin,Lee,Operations,Engineer,2018-06-12,Full-Time,"Phoenix, AZ",F,60800.0,14136.0
E00573,Elijah,Smith,Customer Success,Engineer,2015-06-30,Full-Time,"Atlanta, GA",M,80700.0,3379.0
E00574,Henry,Taylor,Operations,Sales Rep,2022-02-18,Full-Time,"Dallas, TX",F,84700.0,2959.0
E00575,Ava,Lee,Finance,Director,2017-08-22,Part-Time,"Denver, CO",M,49600.0,984.0
E00576,Harper,Johnson,Engineering,Engineer,2022-10-23,Full-Time,"Phoenix, AZ",M,55800.0,3990.0
E00577,Harper,Thompson,HR,Coordinator,2023-03-23,Full-Time,"Austin, TX",M,58800.0,2047.0
E00578,James,Anderson,Operations,Director,2016-12-14,Full-Time,"Phoenix, AZ",F,79200.0,697.0
E00579,Benjamin,Thompson,Engineering,Director,2023-10-20,Full-Time,"Austin, TX",F,64500.0,3781.0
E00580,Ethan,Thomas,HR,Coordinator,2023-02-12,Full-Time,"Chicago, IL",M,78900.0,2484.0
E00581,Amelia,Johnson,Finance,Sales Rep,2019-12-31,Full-Time,"Dallas, TX",M,65200.0,7699.0
E00582,Liam,Smith,Sales,Coordinator,2019-10-16,Part-Time,"Austin, TX",F,96900.0,1826.0
E00583,Liam,Garcia,Engineering,Coordinator,2015-01-09,Full-Time,"Austin, TX",M,71400.0,7675.0
E00584,Logan,Johnson,Engineering,Director,2022-12-02,Part-Time,"Denver, CO",F,54700.0,4810.0
E00585,Sophia,Harris,Engineering,Analyst,2022-09-06,Full-Time,"Denver, CO",M,107600.0,561.0
E00586,Harper,Thompson,Sales,Manager,2019-11-28,Full-Time,"Austin, TX",F,116400.0,2582.0
E00587,Amelia,Martin,Sales,Engineer,2015-10-16,Full-Time,"Chicago, IL",F,90400.0,4002.0
E00588,Harper,Thomas,Sales,Manager,2018-12-25,Full-Time,"Atlanta, GA",F,84300.0,107.0
E00589,Isabella,Hall,Customer Success,Manager,2018-01-23,Full-Time,"Denver, CO",M,74500.0,359.0
E00590,Ava,Martinez,Operations,Analyst,2017-06-08,Full-Time,"Dallas, TX",F,83900.0,7090.0
E00591,Henry,Anderson,Finance,Manager,2017-02-27,Full-Time,"Denver, CO",M,53600.0,1596.0
E00592,Mason,Thompson,Operations,HR Specialist,2021-03-05,Full-Time,"Chicago, IL",F,52000.0,8431.0
E00593,Charlotte,Johnson,Sales,Analyst,2015-03-02,Part-Time,"Austin, TX",F,86700.0,990.0
E00594,James,Jackson,HR,Sales Rep,2019-10-31,Full-Time,"Austin, TX",M,51300.0,3056.0
E00595,Noah,Walker,Customer Success,Sales Rep,2020-11-19,Full-Time,"Phoenix, AZ",M,111400.0,1734.0
E00596,Lucas,Robinson,Finance,Engineer,2021-10-31,Part-Time,"Denver, CO",F,59300.0,7450.0
E00597,Sophia,Johnson,Customer Success,Coordinator,2021-10-14,Full-Time,"Dallas, TX",F,86000.0,4039.0
E00598,Harper,Lewis,Operations,Coordinator,2022-09-23,Full-Time,"Phoenix, AZ",F,50200.0,1647.0
E00599,Amelia,Thompson,Engineering,HR Specialist,2018-09-17,Part-Time,"Austin, TX",F,74600.0,4166.0
E00600,Ethan,Brown,Finance,Analyst,2016-02-10,Full-Time,"Chicago, IL",M,83400.0,4241.0
E00601,Henry,Robinson,Finance,HR Specialist,2016-08-19,Part-Time,"Atlanta, GA",M,66400.0,42.0
E00602,Sophia,Rodriguez,Finance,Director,2019-05-22,Full-Time,"Atlanta, GA",M,62400.0,2919.0
E00603,Ethan,Jackson,Operations,Analyst,2019-02-07,Full-Time,"Dallas, TX",F,69600.0,170.0
E00604,Ava,Thompson,Engineering,Sales Rep,2017-05-22,Part-Time,"Dallas, TX",M,101100.0,4573.0
E00605,James,Taylor,Engineering,Manager,2016-02-21,Full-Time,"Dallas, TX",M,95200.0,34.0
E00606,Noah,White,Operations,HR Specialist,2022-02-20,Full-Time,"Phoenix, AZ",M,97100.0,5135.0
E00607,Henry,Garcia,Finance,Engineer,2015-12-25,Part-Time,"Phoenix, AZ",M,95800.0,3380.0
E00608,Amelia,Robinson,Engineering,HR Specialist,2022-10-27,Part-Time,"Chicago, IL",F,105400.0,12729.0
E00609,Noah,Jackson,Operations,Coordinator,2018-02-20,Full-Time,"Atlanta, GA",F,91200.0,477.0
E00610,Ethan,Clark,Engineering,Analyst,2022-05-20,Full-Time,"Denver, CO",F,29400.0,1842.0
E00611,Benjamin,Lee,Finance,Sales Rep,2016-11-18,Full-Time,"Atlanta, GA",M,87900.0,1637.0
E00612,Sophia,Brown,Operations,Director,2021-12-08,Full-Time,"Atlanta, GA",M,84000.0,624.0
E00613,Lucas,Robinson,Customer Success,Engineer,2015-08-03,Full-Time,"Dallas, TX",F,70600.0,1563.0
E00614,Noah,Thomas,Customer Success,Engineer,2015-07-01,Full-Time,"Atlanta, GA",M,45500.0,761.0
E00615,Emma,Lee,Customer Success,Engineer,2019-04-08,Full-Time,"Dallas, TX",M,61400.0,58.0
E00616,Mason,Smith,Operations,HR Specialist,2021-02-18,Full-Time,"Denver, CO",M,68300.0,1735.0
E00617,Logan,Brown,Operations,Director,2019-08-12,Full-Time,"Phoenix, AZ",F,92500.0,1374.0
E00618,Charlotte,Brown,HR,HR Specialist,2018-12-10,Full-Time,"Dallas, TX",F,89400.0,2149.0
E00619,Liam,Johnson,Engineering,Analyst,2021-08-09,Full-Time,"Denver, CO",F,51800.0,1721.0
E00620,Evelyn,Jackson,Customer Success,Manager,2022-06-06,Part-Time,"Phoenix, AZ",F,87200.0,7620.0
E00621,Benjamin,Harris,Engineering,Engineer,2020-09-11,Full-Time,"Chicago, IL",F,36600.0,898.0
E00622,Sophia,Thompson,Sales,Engineer,2018-04-26,Full-Time,"Austin, TX",M,66500.0,6217.0
E00623,Mason,White,Customer Success,Manager,2017-06-23,Full-Time,"Dallas, TX",M,74700.0,444.0
E00624,Charlotte,Thompson,Engineering,Sales Rep,2018-01-09,Full-Time,"Phoenix, AZ",F,89900.0,1813.0
E00625,Logan,Robinson,Operations,Coordinator,2016-08-04,Full-Time,"Phoenix, AZ",F,69800.0,279.0
E00626,Benjamin,Martin,Operations,HR Specialist,2023-03-09,Full-Time,"Denver, CO",F,86200.0,3052.0
E00627,Henry,Smith,Customer Success,Engineer,2015-01-07,Part-Time,"Denver, CO",M,80900.0,6684.0
E00628,Charlotte,Harris,Operations,Director,2023-10-05,Full-Time,"Denver, CO",M,84800.0,2865.0
E00629,James,Lee,Operations,Director,2017-10-27,Full-Time,"Denver, CO",F,88300.0,3505.0
E00630,Liam,Walker,Customer Success,Analyst,2019-07-15,Part-Time,"Chicago, IL",F,69300.0,2175.0
E00631,Elijah,Rodriguez,Sales,HR Specialist,2020-08-02,Part-Time,"Atlanta, GA",F,92600.0,1751.0
E00632,Benjamin,Garcia,Engineering,Coordinator,2022-08-20,Full-Time,"Dallas, TX",M,106100.0,11004.0
E00633,Harper,Martin,Engineering,Engineer,2020-06-11,Full-Time,"Atlanta, GA",M,71800.0,11300.0
E00634,Henry,White,Customer Success,Manager,2023-11-07,Full-Time,"Austin, TX",M,29800.0,3270.0
E00635,Charlotte,Anderson,HR,Director,2020-12-01,Full-Time,"Atlanta, GA",M,88200.0,5154.0
E00636,Noah,Martinez,Engineering,Director,2018-03-07,Part-Time,"Dallas, TX",F,75400.0,6171.0
E00637,James,Thompson,HR,Director,2022-07-31,Full-Time,"Denver, CO",F,84600.0,744.0
E00638,Noah,Walker,Finance,Analyst,2019-12-25,Full-Time,"Austin, TX",F,59100.0,4905.0
E00639,Amelia,Smith,Operations,Analyst,2016-11-17,Part-Time,"Austin, TX",F,65700.0,430.0
E00640,Olivia,Smith,Engineering,HR Specialist,2016-06-16,Full-Time,"Dallas, TX",F,76100.0,3048.0
E00641,Logan,Walker,Customer Success,Engineer,2019-11-25,Part-Time,"Phoenix, AZ",M,71500.0,8224.0
E00642,Logan,Garcia,HR,Engineer,2021-08-11,Full-Time,"Chicago, IL",F,73900.0,2716.0
E00643,Mason,Smith,Engineering,Analyst,2021-02-09,Full-Time,"Atlanta, GA",F,65100.0,1276.0
E00644,Lucas,White,Customer Success,Manager,2015-10-15,Full-Time,"Austin, TX",M,72400.0,6062.0
E00645,Lucas,Martinez,Customer Success,Engineer,2023-11-06,Full-Time,"Phoenix, AZ",F,88700.0,1739.0
E00646,Mason,Rodriguez,Engineering,Manager,2021-08-15,Full-Time,"Phoenix, AZ",M,85800.0,5460.0
E00647,Mason,Smith,Finance,Manager,2019-08-27,Full-Time,"Atlanta, GA",F,49700.0,2294.0
E00648,Emma,Rodriguez,Engineering,Coordinator,2018-12-09,Part-Time,"Denver, CO",F,79300.0,499.0
E00649,Henry,Garcia,Customer Success,Director,2020-02-05,Part-Time,"Austin, TX",F,60400.0,796.0
E00650,Amelia,Lee,Finance,Engineer,2017-04-01,Full-Time,"Chicago, IL",M,82500.0,4544.0
E00651,Henry,Thompson,Finance,Coordinator,2015-02-04,Part-Time,"Denver, CO",F,98800.0,10753.0
E00652,Benjamin,Lewis,Customer Success,Manager,2019-10-08,Full-Time,"Dallas, TX",F,91400.0,8528.0
E00653,Elijah,Rodriguez,Operations,Coordinator,2015-01-23,Full-Time,"Chicago, IL",F,61800.0,2081.0
E00654,Ava,Thompson,Finance,HR Specialist,2018-07-01,Full-Time,"Denver, CO",M,76900.0,617.0
E00655,Ethan,Brown,HR,Coordinator,2019-11-25,Full-Time,"Denver, CO",M,82700.0,239.0
E00656,Sophia,Clark,Customer Success,Engineer,2021-07-25,Full-Time,"Phoenix, AZ",M,84100.0,1763.0
E00657,Liam,Walker,HR,Engineer,2015-11-26,Full-Time,"Denver, CO",M,57900.0,68.0
E00658,Henry,Anderson,Finance,Coordinator,2022-11-24,Full-Time,"Denver, CO",F,85600.0,6738.0
E00659,Harper,Garcia,Sales,Coordinator,2018-11-07,Full-Time,"Austin, TX",F,81400.0,3079.0
E00660,Emma,White,Finance,Sales Rep,2017-02-01,Part-Time,"Austin, TX",F,55900.0,3942.0
E00661,Logan,Martinez,Sales,Engineer,2021-10-09,Full-Time,"Atlanta, GA",M,82200.0,1062.0
E00662,Amelia,Hall,Engineering,Coordinator,2019-10-01,Full-Time,"Denver, CO",F,66100.0,3217.0
E00663,Noah,Clark,Customer Success,Analyst,2016-01-25,Full-Time,"Austin, TX",F,57000.0,320.0
E00664,Olivia,Harris,Sales,Coordinator,2023-12-16,Full-Time,"Denver, CO",M,67000.0,928.0
E00665,Emma,Lewis,HR,Coordinator,2015-08-06,Full-Time,"Denver, CO",F,56000.0,5670.0
E00666,Ethan,Robinson,HR,Director,2016-05-21,Part-Time,"Dallas, TX",F,60600.0,1395.0
E00667,Logan,Smith,Finance,Analyst,2020-02-17,Full-Time,"Atlanta, GA",F,104600.0,626.0
E00668,Ethan,Thomas,Sales,Manager,2019-02-16,Part-Time,"Denver, CO",M,49100.0,762.0
E00669,Charlotte,Hall,Finance,Director,2023-02-17,Full-Time,"Atlanta, GA",F,90600.0,3132.0
E00670,Evelyn,Clark,Finance,Engineer,2019-01-15,Full-Time,"Atlanta, GA",M,84300.0,2638.0
E00671,Ethan,Taylor,Finance,Engineer,2022-07-04,Full-Time,"Atlanta, GA",F,105500.0,334.0
E00672,Ethan,Walker,Finance,HR Specialist,2017-04-24,Part-Time,"Atlanta, GA",F,115000.0,6062.0
E00673,Logan,Clark,HR,Coordinator,2017-08-08,Full-Time,"Austin, TX",F,72100.0,7008.0
E00674,Benjamin,Smith,Engineering,HR Specialist,2017-07-08,Full-Time,"Phoenix, AZ",F,81300.0,447.0
E00675,Lucas,Clark,Customer Success,Engineer,2018-10-30,Full-Time,"Atlanta, GA",F,76300.0,1284.0
E00676,Emma,Hall,HR,Sales Rep,2017-05-12,Full-Time,"Phoenix, AZ",F,52900.0,3812.0
E00677,Isabella,Smith,Customer Success,Director,2018-02-24,Full-Time,"Dallas, TX",M,66300.0,1771.0
E00678,Harper,Lee,Customer Success,Manager,2015-08-02,Part-Time,"Austin, TX",F,130400.0,1326.0
E00679,Noah,Jackson,HR,Coordinator,2018-12-18,Full-Time,"Denver, CO",F,83500.0,8998.0
E00680,Olivia,Martin,HR,Coordinator,2021-11-18,Full-Time,"Atlanta, GA",F,43900.0,1153.0
E00681,Mia,Brown,Operations,Director,2016-12-04,Full-Time,"Dallas, TX",F,87700.0,4968.0
E00682,Olivia,Johnson,Finance,Coordinator,2020-05-07,Full-Time,"Dallas, TX",M,96100.0,1356.0
E00683,Noah,Rodriguez,Finance,Coordinator,2019-02-03,Part-Time,"Dallas, TX",M,89200.0,2139.0
E00684,Benjamin,Clark,Operations,Analyst,2017-11-28,Full-Time,"Denver, CO",F,45800.0,9660.0
E00685,Olivia,Taylor,Engineering,Director,2019-02-17,Full-Time,"Atlanta, GA",M,80300.0,3044.0
E00686,Lucas,Taylor,HR,HR Specialist,2020-12-09,Part-Time,"Denver, CO",M,42400.0,1212.0
E00687,Sophia,Thompson,Sales,Coordinator,2015-08-27,Part-Time,"Atlanta, GA",F,70100.0,955.0
E00688,Charlotte,Garcia,Finance,HR Specialist,2017-02-07,Full-Time,"Chicago, IL",F,19300.0,2046.0
E00689,Noah,Walker,Sales,Manager,2016-01-14,Full-Time,"Chicago, IL",F,38200.0,2882.0
E00690,James,Brown,HR,Analyst,2022-08-25,Full-Time,"Denver, CO",F,81600.0,2574.0
E00691,Emma,Martinez,Sales,Manager,2019-04-05,Full-Time,"Denver, CO",F,97000.0,412.0
E00692,Lucas,Garcia,Finance,Coordinator,2016-09-14,Full-Time,"Atlanta, GA",F,72700.0,1626.0
E00693,Emma,Thomas,HR,Coordinator,2022-06-05,Full-Time,"Austin, TX",F,88700.0,3357.0
E00694,Amelia,Martin,Finance,Coordinator,2023-10-11,Full-Time,"Atlanta, GA",F,112700.0,3023.0
E00695,Lucas,Brown,HR,Analyst,2018-02-13,Full-Time,"Denver, CO",F,54700.0,1324.0
E00696,Amelia,Jackson,HR,Analyst,2023-09-01,Full-Time,"Atlanta, GA",F,87600.0,2389.0
E00697,Isabella,Walker,Engineering,Analyst,2020-06-15,Full-Time,"Atlanta, GA",F,100100.0,492.0
E00698,Logan,Hall,HR,Engineer,2022-05-03,Full-Time,"Phoenix, AZ",F,78600.0,363.0
E00699,Henry,Rodriguez,Engineering,Coordinator,2020-07-24,Full-Time,"Phoenix, AZ",F,83100.0,670.0
E00700,Charlotte,Jackson,HR,Analyst,2021-11-18,Full-Time,"Chicago, IL",M,84900.0,1017.0
E00701,Ava,Brown,Finance,Engineer,2019-11-03,Full-Time,"Atlanta, GA",M,66200.0,4167.0
E00702,Liam,White,Operations,Analyst,2022-06-16,Full-Time,"Austin, TX",M,100200.0,2721.0
E00703,Sophia,Robinson,HR,Sales Rep,2020-02-05,Full-Time,"Austin, TX",M,49400.0,13.0
E00704,Benjamin,White,Engineering,HR Specialist,2020-07-20,Full-Time,"Atlanta, GA",M,66900.0,2305.0
E00705,Liam,Taylor,Finance,Sales Rep,2016-11-08,Full-Time,"Dallas, TX",M,77700.0,1413.0
E00706,Sophia,Jackson,HR,Director,2017-12-24,Full-Time,"Austin, TX",F,93800.0,1347.0
E00707,Harper,Clark,Operations,Analyst,2015-03-24,Full-Time,"Austin, TX",M,52900.0,4818.0
E00708,Evelyn,Martinez,HR,Coordinator,2021-05-30,Part-Time,"Austin, TX",F,93700.0,2085.0
E00709,Mason,Walker,Operations,Engineer,2020-05-20,Full-Time,"Atlanta, GA",F,72600.0,559.0
E00710,Henry,Anderson,Finance,Manager,2020-06-15,Full-Time,"Chicago, IL",M,95200.0,747.0
E00711,James,Clark,HR,Coordinator,2017-12-06,Full-Time,"Austin, TX",F,118300.0,1122.0
E00712,Lucas,Garcia,Operations,Director,2021-04-21,Full-Time,"Denver, CO",F,94000.0,1242.0
E00713,Sophia,Taylor,Sales,Engineer,2019-03-26,Full-Time,"Phoenix, AZ",M,81700.0,1531.0
E00714,Ava,Clark,HR,Analyst,2018-09-29,Full-Time,"Phoenix, AZ",F,82000.0,6327.0
E00715,Isabella,Walker,HR,Sales Rep,2023-10-10,Full-Time,"Atlanta, GA",M,87900.0,1223.0
E00716,Noah,Clark,Operations,Engineer,2017-06-27,Full-Time,"Denver, CO",M,87200.0,2558.0
E00717,Liam,Thompson,Operations,Sales Rep,2015-12-08,Part-Time,"Austin, TX",M,58100.0,10.0
E00718,Sophia,Lee,Finance,Engineer,2016-06-29,Full-Time,"Phoenix, AZ",F,80000.0,591.0
E00719,Olivia,Martin,Operations,Manager,2020-04-28,Full-Time,"Denver, CO",F,86200.0,4377.0
E00720,Noah,Rodriguez,Customer Success,Analyst,2016-10-24,Full-Time,"Austin, TX",M,56000.0,1719.0
E00721,Logan,Clark,Sales,Coordinator,2015-08-21,Full-Time,"Dallas, TX",M,72800.0,1150.0
E00722,Mason,Jackson,Sales,HR Specialist,2015-12-07,Full-Time,"Atlanta, GA",F,47200.0,1045.0
E00723,Isabella,Smith,Customer Success,HR Specialist,2022-09-19,Part-Time,"Denver, CO",F,22200.0,1882.0
E00724,Elijah,White,Customer Success,Director,2019-12-05,Part-Time,"Atlanta, GA",F,71000.0,10.0
E00725,Charlotte,Martin,Customer Success,Analyst,2019-09-06,Full-Time,"Dallas, TX",M,68500.0,1130.0
E00726,Logan,Jackson,Finance,Analyst,2023-03-25,Full-Time,"Denver, CO",F,105500.0,9055.0
E00727,Evelyn,Thompson,Finance,Coordinator,2022-11-06,Part-Time,"Atlanta, GA",M,46400.0,452.0
E00728,Olivia,Thompson,Operations,Engineer,2018-06-08,Full-Time,"Atlanta, GA",F,86900.0,30.0
E00729,Isabella,Lee,Customer Success,Sales Rep,2017-02-28,Full-Time,"Atlanta, GA",F,78800.0,8.0
E00730,Noah,Lee,Finance,Coordinator,2020-01-11,Full-Time,"Phoenix, AZ",M,96400.0,3748.0
E00731,Olivia,Hall,Sales,Coordinator,2021-02-28,Full-Time,"Chicago, IL",M,66500.0,2519.0
E00732,Ethan,Brown,Customer Success,Analyst,2019-08-14,Part-Time,"Dallas, TX",F,87100.0,15834.0
E00733,Lucas,Lee,Operations,Sales Rep,2021-10-16,Full-Time,"Phoenix, AZ",F,55200.0,1210.0
E00734,Lucas,Brown,Customer Success,HR Specialist,2021-07-11,Part-Time,"Austin, TX",F,84000.0,499.0
E00735,Evelyn,Robinson,Engineering,Coordinator,2017-01-25,Part-Time,"Atlanta, GA",M,77900.0,2354.0
E00736,Mia,Brown,Customer Success,Director,2016-11-21,Full-Time,"Phoenix, AZ",F,65200.0,621.0
E00737,Ethan,Clark,Sales,Director,2016-06-23,Full-Time,"Austin, TX",F,97800.0,3598.0
E00738,Harper,Garcia,Customer Success,HR Specialist,2020-03-05,Full-Time,"Denver, CO",F,77700.0,572.0
E00739,Ava,Lewis,HR,Analyst,2017-05-23,Part-Time,"Austin, TX",M,89100.0,1294.0
E00740,Liam,Harris,Sales,Engineer,2020-06-01,Full-Time,"Atlanta, GA",F,106200.0,2312.0
E00741,Olivia,Thompson,Finance,Analyst,2019-11-19,Full-Time,"Denver, CO",F,101400.0,3999.0
E00742,Mason,Jackson,Operations,Manager,2017-05-19,Full-Time,"Atlanta, GA",M,96500.0,4685.0
E00743,Mason,Garcia,Sales,Sales Rep,2022-07-20,Full-Time,"Denver, CO",M,70900.0,1294.0
E00744,Emma,Thomas,HR,Engineer,2021-03-18,Full-Time,"Chicago, IL",F,82000.0,2124.0
E00745,Benjamin,Anderson,Customer Success,Director,2016-05-11,Full-Time,"Atlanta, GA",M,86100.0,2526.0
E00746,Emma,Walker,Customer Success,Engineer,2020-05-01,Full-Time,"Austin, TX",M,92100.0,1232.0
E00747,Mia,Harris,Finance,Engineer,2023-04-06,Full-Time,"Denver, CO",F,86600.0,3883.0
E00748,Sophia,Rodriguez,Customer Success,Engineer,2016-03-06,Full-Time,"Austin, TX",M,64000.0,321.0
E00749,Mason,Anderson,HR,Engineer,2019-03-20,Full-Time,"Atlanta, GA",M,70200.0,2144.0
E00750,Logan,Walker,Finance,Manager,2019-07-24,Full-Time,"Phoenix, AZ",M,71100.0,1723.0
E00751,Olivia,Garcia,HR,Director,2016-01-01,Full-Time,"Austin, TX",F,67500.0,777.0
E00752,Charlotte,Harris,HR,Engineer,2023-08-02,Part-Time,"Atlanta, GA",M,90400.0,819.0
E00753,Logan,Thompson,Engineering,HR Specialist,2021-05-21,Part-Time,"Dallas, TX",M,39400.0,1372.0
E00754,Mason,Martinez,Sales,HR Specialist,2020-02-24,Part-Time,"Dallas, TX",F,62800.0,5845.0
E00755,Sophia,Robinson,HR,Sales Rep,2023-09-02,Full-Time,"Chicago, IL",M,68800.0,408.0
E00756,Lucas,Johnson,Sales,Analyst,2017-07-31,Full-Time,"Dallas, TX",F,100200.0,3188.0
E00757,James,Clark,Operations,Sales Rep,2023-05-17,Full-Time,"Dallas, TX",M,55300.0,1722.0
E00758,Harper,Hall,HR,Coordinator,2022-01-18,Full-Time,"Phoenix, AZ",M,85400.0,3166.0
E00759,Emma,Thompson,HR,HR Specialist,2021-01-22,Full-Time,"Phoenix, AZ",F,77400.0,977.0
E00760,Evelyn,Rodriguez,Operations,Manager,2017-05-14,Full-Time,"Phoenix, AZ",M,61800.0,5344.0
E00761,Noah,Brown,Sales,Director,2019-09-09,Full-Time,"Atlanta, GA",F,116500.0,329.0
E00762,Emma,Robinson,Sales,Analyst,2015-07-19,Full-Time,"Atlanta, GA",M,89300.0,4714.0
E00763,Benjamin,Hall,Sales,Manager,2022-02-12,Part-Time,"Atlanta, GA",M,65000.0,422.0
E00764,Amelia,Rodriguez,HR,Manager,2020-04-19,Full-Time,"Atlanta, GA",M,98600.0,643.0
E00765,Amelia,Lewis,Customer Success,Analyst,2018-01-30,Full-Time,"Phoenix, AZ",F,75800.0,378.0
E00766,Isabella,Garcia,Finance,HR Specialist,2015-12-30,Full-Time,"Austin, TX",M,51300.0,5317.0
E00767,Charlotte,Anderson,Customer Success,Director,2017-03-12,Full-Time,"Phoenix, AZ",M,15800.0,4095.0
E00768,Harper,Taylor,Engineering,Director,2017-06-13,Full-Time,"Austin, TX",F,88000.0,186.0
E00769,Charlotte,White,Engineering,Engineer,2019-07-28,Full-Time,"Denver, CO",F,83300.0,7136.0
E00770,Benjamin,Robinson,Engineering,Coordinator,2021-12-10,Full-Time,"Chicago, IL",M,57400.0,9466.0
E00771,Ethan,Hall,HR,Director,2019-11-12,Full-Time,"Atlanta, GA",M,45300.0,8907.0
E00772,Olivia,Walker,Operations,Sales Rep,2016-09-17,Full-Time,"Denver, CO",M,60100.0,592.0
E00773,Charlotte,Robinson,HR,HR Specialist,2018-03-18,Full-Time,"Chicago, IL",M,64700.0,3184.0
E00774,Mia,Brown,Customer Success,Manager,2021-07-30,Full-Time,"Atlanta, GA",F,84200.0,451.0
E00775,Logan,Clark,Engineering,HR Specialist,2020-05-02,Part-Time,"Atlanta, GA",F,80600.0,1353.0
E00776,Charlotte,Taylor,HR,HR Specialist,2016-05-28,Full-Time,"Austin, TX",F,66800.0,10942.0
E00777,Liam,Martinez,Sales,Director,2020-03-03,Full-Time,"Dallas, TX",F,40100.0,3110.0
E00778,Evelyn,Walker,Operations,Sales Rep,2021-05-18,Part-Time,"Denver, CO",F,50300.0,3938.0
E00779,Ava,Lewis,Operations,Coordinator,2020-01-10,Part-Time,"Phoenix, AZ",F,106900.0,11163.0
E00780,Mason,Martin,Finance,HR Specialist,2015-01-18,Part-Time,"Denver, CO",F,66100.0,567.0
E00781,Noah,Walker,Customer Success,Manager,2023-06-29,Full-Time,"Phoenix, AZ",M,99800.0,2577.0
E00782,Olivia,Martinez,Sales,Coordinator,2022-04-21,Full-Time,"Dallas, TX",M,93100.0,207.0
E00783,Harper,Garcia,Engineering,Engineer,2015-01-23,Full-Time,"Austin, TX",F,41900.0,1818.0
E00784,Sophia,Brown,Finance,Coordinator,2023-07-17,Full-Time,"Austin, TX",M,90500.0,6239.0
E00785,Isabella,Walker,HR,Sales Rep,2016-03-14,Full-Time,"Chicago, IL",F,54100.0,61.0
E00786,Logan,Lee,Finance,Director,2015-07-31,Part-Time,"Phoenix, AZ",F,56300.0,2193.0
E00787,Mason,Thompson,Engineering,Analyst,2016-05-20,Full-Time,"Dallas, TX",M,90900.0,5550.0
E00788,Ava,Lee,Engineering,Director,2015-01-23,Full-Time,"Denver, CO",F,64200.0,1120.0
E00789,Noah,Thomas,Operations,Analyst,2022-02-12,Full-Time,"Atlanta, GA",M,44100.0,7663.0
E00790,Elijah,Robinson,Operations,Coordinator,2022-03-08,Full-Time,"Austin, TX",F,51800.0,3121.0
E00791,Emma,Hall,Sales,HR Specialist,2015-03-13,Full-Time,"Austin, TX",M,66900.0,170.0
E00792,Noah,Martinez,Customer Success,HR Specialist,2016-04-15,Part-Time,"Chicago, IL",M,88300.0,3183.0
E00793,Mia,Johnson,Sales,HR Specialist,2017-05-27,Full-Time,"Phoenix, AZ",F,45200.0,1465.0
E00794,Sophia,Garcia,Finance,Coordinator,2023-08-16,Full-Time,"Chicago, IL",M,75700.0,491.0
E00795,Lucas,Jackson,Customer Success,Sales Rep,2017-10-22,Full-Time,"Denver, CO",F,107700.0,7859.0
E00796,Amelia,Lee,Customer Success,HR Specialist,2018-11-02,Full-Time,"Dallas, TX",F,48500.0,11378.0
E00797,Noah,Johnson,Sales,Coordinator,2015-01-04,Part-Time,"Dallas, TX",F,64400.0,4445.0
E00798,Liam,Taylor,Customer Success,HR Specialist,2022-08-07,Part-Time,"Austin, TX",F,65300.0,5621.0
E00799,Sophia,Thomas,Customer Success,Analyst,2021-04-09,Part-Time,"Dallas, TX",M,55900.0,14178.0
E00800,Ava,Thompson,Operations,Director,2020-03-06,Part-Time,"Austin, TX",M,91200.0,87.0
